question,answer,score
Jelaskan dengan bahasamu sendiri apa yang dimaksud dengan Teks Laporan Hasil Observasi!,LHO adalah teks yang berisi hasil pengamatan terhadap suatu objek secara faktual.,10
Sebutkan tiga ciri utama dari Teks Laporan Hasil Observasi!,"faktual, objektif, menggunakan bahasa baku.",10
Apa tujuan dibuatnya teks laporan hasil observasi? Jelaskan secara sederhana.,memberi informasi faktual kepada pembaca.,10
Jelaskan apa yang dimaksud dengan teks anekdot menurut pemahamanmu.,cerita singkat yang lucu atau menyindir.,10
Sebutkan dua ciri yang selalu ada dalam teks anekdot.,mengandung kelucuan dan sindiran.,10
Sebutkan struktur teks anekdot dan jelaskan secara singkat setiap bagiannya.,"abstraksi, orientasi, krisis, reaksi, koda.",10
Apa yang dimaksud dengan hikayat? Jelaskan dengan bahasamu sendiri.,cerita lama yang berisi keajaiban dan unsur fantastis.,10
Sebutkan tiga ciri khas hikayat sebagai karya sastra lama.,"tokoh sakti, alur sederhana, penuh keajaiban.",10
Sebutkan struktur umum hikayat dan jelaskan fungsi masing-masing bagian.,"pendahuluan, peristiwa, penutup.",10
"Dari ketiga jenis teks (LHO, Anekdot, Hikayat), pilih salah satu dan jelaskan pesan atau nilai yang biasanya ingin disampaikan penulis melalui teks tersebut, berdasarkan pemahamanmu",hikayat mengajarkan keberanian dan kejujuran.,10
Jelaskan dengan bahasamu sendiri apa yang dimaksud dengan Teks Laporan Hasil Observasi!,"Teks LHO adalah teks yg kita tulis dari melihat atau menonton suatu seperti hewan, tumbuhan atau Penjelasan, secara rinci",10
Sebutkan tiga ciri utama dari Teks Laporan Hasil Observasi!,"bersifat objektif, disusun sistematis, ditulis berdasarkan fakta",10
Apa tujuan dibuatnya teks laporan hasil observasi? Jelaskan secara sederhana.,untuk menjelaskan suatu benda/Peristiwa,0
Jelaskan apa yang dimaksud dengan teks anekdot menurut pemahamanmu.,Teks anekdot cerita singkat yg lucu / menyindir,10
Sebutkan dua ciri yang selalu ada dalam teks anekdot.,"mengandung humor, berdasarkan kejadian yang hampir nyata",10
Sebutkan struktur teks anekdot dan jelaskan secara singkat setiap bagiannya.,"abstrak, krisis, koda, orientasi, rekasi",10
Apa yang dimaksud dengan hikayat? Jelaskan dengan bahasamu sendiri.,cerita klasik yg berisi tentang tokoh hebat biasanya banyak kejadian,10
Sebutkan tiga ciri khas hikayat sebagai karya sastra lama.,"mengandung unsur fantastis, bersifat turun temurun, cerita berdasarkan kejadian",5
Sebutkan struktur umum hikayat dan jelaskan fungsi masing-masing bagian.,"tema, tokoh, alur, latar, alamat",0
"Dari ketiga jenis teks (LHO, Anekdot, Hikayat), pilih salah satu dan jelaskan pesan atau nilai yang biasanya ingin disampaikan penulis melalui teks tersebut, berdasarkan pemahamanmu","nilai moral, krisis sosial, informasi penting, Pelajaran hidup yg ingin disampaikan si penulis",0
Jelaskan dengan bahasamu sendiri apa yang dimaksud dengan Teks Laporan Hasil Observasi!,laporan berisi fakta dan hasil pengamatan,10
Sebutkan tiga ciri utama dari Teks Laporan Hasil Observasi!,"Fakta, teratur dan jelas, bahasa baku",10
Apa tujuan dibuatnya teks laporan hasil observasi? Jelaskan secara sederhana.,menyampaikan fakta hasil Pengamatan,5
Jelaskan apa yang dimaksud dengan teks anekdot menurut pemahamanmu.,cerita pendek yang lucu sekaligus menyindir,10
Sebutkan dua ciri yang selalu ada dalam teks anekdot.,"Lucu, kritik, dan menyindir",10
Sebutkan struktur teks anekdot dan jelaskan secara singkat setiap bagiannya.,"abraksi = Pembuka cerita,
orientasi = mengenalkan situasi dan tokoh,
kritik = masalah atau kejadian,
reaksi = penyelesaian,
koda = penutup / Pesan",10
Apa yang dimaksud dengan hikayat? Jelaskan dengan bahasamu sendiri.,crita tradisional tentang tokoh luar biasah dengan unsur Fantasi,0
Sebutkan tiga ciri khas hikayat sebagai karya sastra lama.,"mengandung unsur khayal, tokoh istimewa, melayu klasik",0
Sebutkan struktur umum hikayat dan jelaskan fungsi masing-masing bagian.,"Pengantar, isi / Pristiwa, penutup",0
"Dari ketiga jenis teks (LHO, Anekdot, Hikayat), pilih salah satu dan jelaskan pesan atau nilai yang biasanya ingin disampaikan penulis melalui teks tersebut, berdasarkan pemahamanmu",LHO = jangan buang sampah sembarangan karena menyebabkan banjir,0
Jelaskan dengan bahasamu sendiri apa yang dimaksud dengan Teks Laporan Hasil Observasi!,LHO = Laporan berisi fakta dari hasil pengamatan,10
Sebutkan tiga ciri utama dari Teks Laporan Hasil Observasi!,"berisi fakta, Menggunakan bahasa baku, Disusun teratur dan jelas",10
Apa tujuan dibuatnya teks laporan hasil observasi? Jelaskan secara sederhana.,menyampaikan fakta hasil Pengamatan,5
Jelaskan apa yang dimaksud dengan teks anekdot menurut pemahamanmu.,Cerita Pendek Yang lucu Sekaligus Menyindir,10
Sebutkan dua ciri yang selalu ada dalam teks anekdot.,"Bersifat lucu dan Menghibur, Bersifat Menyindir / Mengkritik",10
Sebutkan struktur teks anekdot dan jelaskan secara singkat setiap bagiannya.,"abstraksi = Pembuka Cerita / bagian awal Yang Memberikan Gambaran Umum,
Orientasi = Bagian yang berfungsi Untuk Mengenalkan Situasi,
reaksi = tanggapan / Penyelesaian",10
Apa yang dimaksud dengan hikayat? Jelaskan dengan bahasamu sendiri.,hikayat = Cerita tradisional tentang tokoh luar biasanya dengan Unsur fantasi,0
Sebutkan tiga ciri khas hikayat sebagai karya sastra lama.,"Menampilkan tokoh istimewa, Menggunakan bahasa Melayu, Menggunakan Unsur Khayalan",0
Sebutkan struktur umum hikayat dan jelaskan fungsi masing-masing bagian.,"Pengertian, Isi / Peristiwa, Penutup",10
"Dari ketiga jenis teks (LHO, Anekdot, Hikayat), pilih salah satu dan jelaskan pesan atau nilai yang biasanya ingin disampaikan penulis melalui teks tersebut, berdasarkan pemahamanmu",LHO = berisi fakta / Kenyataan Karena tidak buatan dan Penyampaian yang di beri berakurat atau tidak bohong dan tidak fiksi / di buat- buat,10
Jelaskan dengan bahasamu sendiri apa yang dimaksud dengan Teks Laporan Hasil Observasi!,"teks yang mnjelaskan laporan yang berisi hasi pengamatan suatu objek, tempat, hewan, tumbuhan, d prsitiwa secara nyata",10
Sebutkan tiga ciri utama dari Teks Laporan Hasil Observasi!,"Brsifat faktual, bersifat objektif, Disajikan scara sistematis",10
Apa tujuan dibuatnya teks laporan hasil observasi? Jelaskan secara sederhana.,memberikan informasi yang akurat tntang objek yang diteliti/amati,10
Jelaskan apa yang dimaksud dengan teks anekdot menurut pemahamanmu.,"Yaitu teks yang menceritakan kejadian nyata / imajinatif yang  bersifat lucu, unik, menyampaikan pesan dg cara menyindir",10
Sebutkan dua ciri yang selalu ada dalam teks anekdot.,"mengandung unsur humor (hal lucu), memiliki unsur sindiran / kritik",10
Sebutkan struktur teks anekdot dan jelaskan secara singkat setiap bagiannya.,"abstraksi (pembuka) = menarik prhatian pmbaca,
orientasi = memberikan latar blkng cerita,
krisis = mnjdi inti cerita,
reaksi = penyelesaian,
koda = (penutup)",10
Apa yang dimaksud dengan hikayat? Jelaskan dengan bahasamu sendiri.,"hikayat adalah karya sastra lama yang berisi cerita tntang tokoh-tokoh sprti raja, putri, dll",10
Sebutkan tiga ciri khas hikayat sebagai karya sastra lama.,"tokoh digambarkan luar biasa, mengandung unsur keajaiban / hal gaib, brsifat istana",10
Sebutkan struktur umum hikayat dan jelaskan fungsi masing-masing bagian.,"Pendahuluan (untuk membuka cerita),
Pristiwa (isi yang trjadi),
Penutup (penutup cerita)",10
"Dari ketiga jenis teks (LHO, Anekdot, Hikayat), pilih salah satu dan jelaskan pesan atau nilai yang biasanya ingin disampaikan penulis melalui teks tersebut, berdasarkan pemahamanmu",teks anekdot = mmberi Pesan moral / kritik yang ingin dismpaikan Penulis melalui cerita lucu dan mnyindir,10
Jelaskan dengan bahasamu sendiri apa yang dimaksud dengan Teks Laporan Hasil Observasi!,Teks Laporan yaitu Teks yang awal mulainya tahu Kejadian,10
Sebutkan tiga ciri utama dari Teks Laporan Hasil Observasi!,"Dimana, Kapan, dan Siapa",0
Apa tujuan dibuatnya teks laporan hasil observasi? Jelaskan secara sederhana.,agar kita tidak susah mencari Laporan,0
Jelaskan apa yang dimaksud dengan teks anekdot menurut pemahamanmu.,Cerita singkat yg berisi cerita cerita lucu / sindiran,10
Sebutkan dua ciri yang selalu ada dalam teks anekdot.,"Pembahasan, Cerita Singkat",10
Sebutkan struktur teks anekdot dan jelaskan secara singkat setiap bagiannya.,"Abstraksi = gambaran,
Krisis = bagian inti",10
Apa yang dimaksud dengan hikayat? Jelaskan dengan bahasamu sendiri.,Karya satsra lama mlayu berbentuk prosa yg berisi cerita,10
Sebutkan tiga ciri khas hikayat sebagai karya sastra lama.,"mustahil, istana, santris, anunim",0
Sebutkan struktur umum hikayat dan jelaskan fungsi masing-masing bagian.,abstraksi orientasi kompleks evatuasi,0
"Dari ketiga jenis teks (LHO, Anekdot, Hikayat), pilih salah satu dan jelaskan pesan atau nilai yang biasanya ingin disampaikan penulis melalui teks tersebut, berdasarkan pemahamanmu",Pembahasan Jurusan menggunakan bhs baku secara sistem,0
Jelaskan dengan bahasamu sendiri apa yang dimaksud dengan Teks Laporan Hasil Observasi!,"(LHO) adalah secara singkat pengertian teks yang berisi penjabaran umum dan pelaporan hasil pengamatan yg sistematik terhadap suara objek (benda, hewan, tumbuhan, fenomena alam)",10
Sebutkan tiga ciri utama dari Teks Laporan Hasil Observasi!,"Ciri-ciri  Teks (LHO)
Objek & Ilmiah,
Sistematis & Terstruktur,
Bahasa baku & ilmiah,
Fokus pada objek Tunggal,
informatif,
Tidak ada prasangka",10
Apa tujuan dibuatnya teks laporan hasil observasi? Jelaskan secara sederhana.,Tujuannya di buatnya (LHO) untuk melaporkan hasil Pengamatan secara sistematis agar dapat di pahami dan Di gunakan sebagai Landasan untuk tindakan atau Pemahaman Lebih lanjut.,10
Jelaskan apa yang dimaksud dengan teks anekdot menurut pemahamanmu.,Teks anekdot adalah Tulisan singkat berisi cerita lucu / sindiran,10
Sebutkan dua ciri yang selalu ada dalam teks anekdot.,"cerita singkat, humor",10
Sebutkan struktur teks anekdot dan jelaskan secara singkat setiap bagiannya.,"abstrak = pembuka dari sebuah cerita
oreantasi = menjelaskan latar, Tokoh dan situasi
Krisis = bagian ini dari kejadian luka,
reaksi = Seorang tokoh memberikan respon
Koda = Penutup dari sebuah cerita",10
Apa yang dimaksud dengan hikayat? Jelaskan dengan bahasamu sendiri.,"Hikayat adalah karya sastra mlayu klasik, hikayat Termasuk kedalam Teks cerita rakyat, juga cerita perkaan berisi cerita sisilah UDD  yg bersifat sejarah keagamaan dan dll.",10
Sebutkan tiga ciri khas hikayat sebagai karya sastra lama.,"Bersifat Tentang sentris, proogis / Tidak logis, statis / logis",10
Sebutkan struktur umum hikayat dan jelaskan fungsi masing-masing bagian.,"abstraksi, oreantasi, komplikasi, evaluasi, koda",10
"Dari ketiga jenis teks (LHO, Anekdot, Hikayat), pilih salah satu dan jelaskan pesan atau nilai yang biasanya ingin disampaikan penulis melalui teks tersebut, berdasarkan pemahamanmu","(LHO) adalah secara singkat pengertian teks yang berisi Penjabaran umum. Pesan yang biasanya di sampaikan penulis ialah : objek, sistematis, bahasa baku & ilmiah",10
Jelaskan dengan bahasamu sendiri apa yang dimaksud dengan Teks Laporan Hasil Observasi!,tulisan yg menyajikan informasi hasil pengamatan langsung terhadap objek tertentu,10
Sebutkan tiga ciri utama dari Teks Laporan Hasil Observasi!,"berdasarkan faktan dan pengamatan langsung, struktur terorganisir dan sistematis, bahasa jelas, tegas dan objektif",10
Apa tujuan dibuatnya teks laporan hasil observasi? Jelaskan secara sederhana.,untuk menyampaikan informasi akurat dan terpercaya tentang objek yang di amati kepada pembaca,10
Jelaskan apa yang dimaksud dengan teks anekdot menurut pemahamanmu.,cerita singkat yang berisi pujian / keritikan pada suatu perilaku / kebijakan dengna cara menghibur dan tetap ada pesan moralnya,10
Sebutkan dua ciri yang selalu ada dalam teks anekdot.,cerita singkat - sindiran,10
Sebutkan struktur teks anekdot dan jelaskan secara singkat setiap bagiannya.,"Abstraksi = gambaran cerita,
orientasi = latar cerita, memperkenalkan tokoh, tempat dan waktu,
krisis = bagian inti cerita,
reaksi = tanggapan,
koda = penutup cerita",10
Apa yang dimaksud dengan hikayat? Jelaskan dengan bahasamu sendiri.,karya sastra prosa melayu yang berisi cerita / undangan undangan  yg bersifat keagamaan rekaan dan historis,10
Sebutkan tiga ciri khas hikayat sebagai karya sastra lama.,"mustahil, istana sentris, anonim / menceritakan tentang tokoh pahalawan, mengandung unsur metologi, menyampaikan pesan moral",10
Sebutkan struktur umum hikayat dan jelaskan fungsi masing-masing bagian.,"Abstaksi = gambaran cerita,
orientasi = latas cerita,
komplikasi = bagian inti masalah,
evaluasi = bagian Pembenaran,
Resolusi = solusi dalam cerita,
koda = penutup",10
"Dari ketiga jenis teks (LHO, Anekdot, Hikayat), pilih salah satu dan jelaskan pesan atau nilai yang biasanya ingin disampaikan penulis melalui teks tersebut, berdasarkan pemahamanmu",poin utama : kelebihan dan kesetiaan terhadap tanah air,0
Jelaskan dengan bahasamu sendiri apa yang dimaksud dengan Teks Laporan Hasil Observasi!,Teks LHO adalah teks Penjabaran umum suatu objek / Sesuatu berupa hasil pengamatan / Observasi,10
Sebutkan tiga ciri utama dari Teks Laporan Hasil Observasi!,"3 Ciri utama teks LHO
Disusun secara struktur, Menggunakan bahasa baku dan ilmiah, bersifat objektif.",10
Apa tujuan dibuatnya teks laporan hasil observasi? Jelaskan secara sederhana.,Tujuan dibuatnya teks LHO adalah untuk menjelaskan informasi bedasarkan aoa yang diamati secara langsung,10
Jelaskan apa yang dimaksud dengan teks anekdot menurut pemahamanmu.,Teks anekdot adalah teks yang berisi kritikan dan didalamnya terdapat lelucon / humor,10
Sebutkan dua ciri yang selalu ada dalam teks anekdot.,"Ciri-ciri teks anekdot = Mengandung Kejadian unik, berupa kata Sindiran, Lelucon.",10
Sebutkan struktur teks anekdot dan jelaskan secara singkat setiap bagiannya.,"Struktur teks Anekdot
abstrak,
Orientasi = Pengenalan suatu kejadian,
Krisis = timbul masalah,
Rekasi = Menyelesaikan masalah,
Koda = Akhir Cerita / ending.",10
Apa yang dimaksud dengan hikayat? Jelaskan dengan bahasamu sendiri.,"Teks Hikayat adalah Karya Sastra lama melayu berbentuk Prosa berisi Cerita, historis, kesaktian, kehebatan.",10
Sebutkan tiga ciri khas hikayat sebagai karya sastra lama.,"3 Ciri Khas Hikayat
Unsur fantastis,
ada Cerita Keajaiban,
Menggunakan bahasa melayu asli",10
Sebutkan struktur umum hikayat dan jelaskan fungsi masing-masing bagian.,"Struktur teks Hikayat
Abstrak,
Orientasi = Pengenalan tokoh,
Komplikasi = munculnya suatu masalah,
Klimaks = ,
Resolusi = , 
Koda = ending ddari Cerita
Pendahuluan = pembuka cerita,
Peristiwa = isi dari cerita,
Penutup = ending dari cerita",10
"Dari ketiga jenis teks (LHO, Anekdot, Hikayat), pilih salah satu dan jelaskan pesan atau nilai yang biasanya ingin disampaikan penulis melalui teks tersebut, berdasarkan pemahamanmu",Teks Anekdot menyampaikan Pesan kritikan sindiran yang disampaikan penulis  lewat Cerita humoris - lelucon,10
Jelaskan dengan bahasamu sendiri apa yang dimaksud dengan Teks Laporan Hasil Observasi!,"LHO = Singkatan dari Laporan hasil observasi, LHO merupakan laporan yang berisi hasil pengamatan terhadap suatu objek",10
Sebutkan tiga ciri utama dari Teks Laporan Hasil Observasi!,"bersifat objektif, data virtual dan menggunakan bahasa baku",10
Apa tujuan dibuatnya teks laporan hasil observasi? Jelaskan secara sederhana.,menyampaikan hasil pengamatan secara jelas dan virtual,8
Jelaskan apa yang dimaksud dengan teks anekdot menurut pemahamanmu.,teks yang berisi cerita lucu,0
Sebutkan dua ciri yang selalu ada dalam teks anekdot.,mengandung unsur humor/ lelucon dan berfungsi sebagai kritik,10
Sebutkan struktur teks anekdot dan jelaskan secara singkat setiap bagiannya.,"abstrak = menarik perhatian pembaca,
krisis = membangun konflik",10
Apa yang dimaksud dengan hikayat? Jelaskan dengan bahasamu sendiri.,karya satra lama berbentuk prosa yang berisi cerita kehidupan tokoh dengan unsur keajaiban,10
Sebutkan tiga ciri khas hikayat sebagai karya sastra lama.,"mengandung unsur fantastis, tokoh digambarkan luar biasa",0
Sebutkan struktur umum hikayat dan jelaskan fungsi masing-masing bagian.,"abstrak, orientasi (pengenalan), konflikasi (konflik), Resolusi (Penyelasaian),  koda (penutup)",10
"Dari ketiga jenis teks (LHO, Anekdot, Hikayat), pilih salah satu dan jelaskan pesan atau nilai yang biasanya ingin disampaikan penulis melalui teks tersebut, berdasarkan pemahamanmu",hikayat menurut saya karya sastra yang menceritakan tentang masa dahulu tokoh digambarkan sangat luar biasa,10
Jelaskan dengan bahasamu sendiri apa yang dimaksud dengan Teks Laporan Hasil Observasi!,"Lho = Singkat dari laporan hasi observasi. Lho merupakan laporan yang berisi  hasi pengamatan terhadap suatu objek Peristiwa, teks atau Dokumen yang memaparkan data dan informasi yang diperoleh melalui kegiatan observasi.",10
Sebutkan tiga ciri utama dari Teks Laporan Hasil Observasi!,"bersifat objek, data Faktual, menggunakan bahasa baku dan jelas.",10
Apa tujuan dibuatnya teks laporan hasil observasi? Jelaskan secara sederhana.,menyampaikan hasil pengamatan secara jelas dan Faktual mendokumentasikan data hasil observasi,0
Jelaskan apa yang dimaksud dengan teks anekdot menurut pemahamanmu.,teks berisi singkat yang lucu / menggelitik memberikan Tujuan kritik.,10
Sebutkan dua ciri yang selalu ada dalam teks anekdot.,mengandung unsur himor/kelucuan berfungsi sebagai kritik sindiran sindiran.,10
Sebutkan struktur teks anekdot dan jelaskan secara singkat setiap bagiannya.,"objek = menarik Perhatian Pembaca orientasi =  memberikan latar,
Krisis = membangun konflik reaksi =  memberikan belakang menyelesaikan.",10
Apa yang dimaksud dengan hikayat? Jelaskan dengan bahasamu sendiri.,Karya sastra Lama berbetuk proses yang berisi cerita kehidupan Tokoh dengan unsur keajaiban / kesaktian.,10
Sebutkan tiga ciri khas hikayat sebagai karya sastra lama.,mengandung unsur fantastis Tokoh digambarkan luar biasa bertujuan menghibur/ pelajar moral,10
Sebutkan struktur umum hikayat dan jelaskan fungsi masing-masing bagian.,"objek orientasi (pengenalan, konplikasi konfik peristiwa) resolusi  (penyelesaian. Kode (penutupan)",10
"Dari ketiga jenis teks (LHO, Anekdot, Hikayat), pilih salah satu dan jelaskan pesan atau nilai yang biasanya ingin disampaikan penulis melalui teks tersebut, berdasarkan pemahamanmu",,0
Jelaskan dengan bahasamu sendiri apa yang dimaksud dengan Teks Laporan Hasil Observasi!,Teks yang menggunakan bahasa baku,0
Sebutkan tiga ciri utama dari Teks Laporan Hasil Observasi!,"bersifat objek, faktual, Menggunakan bahasa baku dan jelas.",10
Apa tujuan dibuatnya teks laporan hasil observasi? Jelaskan secara sederhana.,menyapaikan hasil Pengamatan Scara jelas dn fktual.,0
Jelaskan apa yang dimaksud dengan teks anekdot menurut pemahamanmu.,Teks berisi Cerita Singkat,0
Sebutkan dua ciri yang selalu ada dalam teks anekdot.,"Mengandung unsur humor, mengandung kritik atau Sindiran.",10
Sebutkan struktur teks anekdot dan jelaskan secara singkat setiap bagiannya.,"abstraksi, orientasi, krisis, Reaksi.",8
Apa yang dimaksud dengan hikayat? Jelaskan dengan bahasamu sendiri.,salah satu bentuk karya Sastra,0
Sebutkan tiga ciri khas hikayat sebagai karya sastra lama.,"kemustahilan, Istana Sentris, anonim",10
Sebutkan struktur umum hikayat dan jelaskan fungsi masing-masing bagian.,"eksposisi / Orientasi komplikasi / Permasalahan, klimaks, Resolusi, koda.",0
"Dari ketiga jenis teks (LHO, Anekdot, Hikayat), pilih salah satu dan jelaskan pesan atau nilai yang biasanya ingin disampaikan penulis melalui teks tersebut, berdasarkan pemahamanmu","nilai, moral, nilai budaya, nilai sosial.",0
Jelaskan dengan bahasamu sendiri apa yang dimaksud dengan Teks Laporan Hasil Observasi!,"Teks yg berisi penjabaran umum dan laporan hasil pengamatan yg sistematis terhadap suatu objek ( Benda, hewan, Tumbuhan, fenomena alam dan dll)",10
Sebutkan tiga ciri utama dari Teks Laporan Hasil Observasi!,"bersifat sistematis, pembahasan, bahasa baku",10
Apa tujuan dibuatnya teks laporan hasil observasi? Jelaskan secara sederhana.,Tujuannya untuk melaporkan hasil  pengamatan secara sistematis agar dapat dipahami dan digunakan Sebagai Landasan Tindakan / pemikiran lebih lanjut.,8
Jelaskan apa yang dimaksud dengan teks anekdot menurut pemahamanmu.,Teks anekdot adalah Cerita singkat yg berisi cerita lucu / Sindiran,10
Sebutkan dua ciri yang selalu ada dalam teks anekdot.,"Cerita Singkat, humor",10
Sebutkan struktur teks anekdot dan jelaskan secara singkat setiap bagiannya.,"abstraksi (sebagai pembuka dari sebuah cerita), orientasi ( sebagai penjelasan latar, tokoh dan situasi), krisis (sebagai bagian inti kejadian lucu), reaksi (seorang tokoh memberikan respon), koda (sebagai penutup dari sebuah cerita dan kesimpulan).",10
Apa yang dimaksud dengan hikayat? Jelaskan dengan bahasamu sendiri.,"Hikayat adalah karya sastra klasik melayu, Hikayat juga termasuk ke dalam cerita rakyat, cerita kraan Cerita Silsilah, UDD, bersifat keagamaan dan dll",10
Sebutkan tiga ciri khas hikayat sebagai karya sastra lama.,"bersifat intonatif, praogis/tidak logis, statis/logis",10
Sebutkan struktur umum hikayat dan jelaskan fungsi masing-masing bagian.,"abstraksi (sebagai pembuka dari sebuah cerita), oreantasi (sebagai penjelasan latar, tokoh, dan situasi), komflikasi (Sebagai permasalahan dari sebuah cerita), evaluasi (Sebagai penyelesaian masalalu dari sebuah cerita), koda (Sebagai penutup dari sebuah cerita)",10
"Dari ketiga jenis teks (LHO, Anekdot, Hikayat), pilih salah satu dan jelaskan pesan atau nilai yang biasanya ingin disampaikan penulis melalui teks tersebut, berdasarkan pemahamanmu",Setelah seseorang mempelajari Teks LHO seorang dapat memahami apa yg di  di amati dgn jelas.,0
Jelaskan dengan bahasamu sendiri apa yang dimaksud dengan Teks Laporan Hasil Observasi!,"Teks Laporan Hasil Observasi adalah teks yang berisi laporan tentang pemahaman secara Faktual, akurat, dan sistematis",10
Sebutkan tiga ciri utama dari Teks Laporan Hasil Observasi!,"bersifat faktual, objektif, sistematis",10
Apa tujuan dibuatnya teks laporan hasil observasi? Jelaskan secara sederhana.,"agar untuk memahami suatu objek secara Faktual, akurat, dan sistematis",0
Jelaskan apa yang dimaksud dengan teks anekdot menurut pemahamanmu.,teks Anekdot ialah sebuah teks yang tentang mengkritik,0
Sebutkan dua ciri yang selalu ada dalam teks anekdot.,"mencari tahu, menyelidiki, berisi tentang mengkritik",0
Sebutkan struktur teks anekdot dan jelaskan secara singkat setiap bagiannya.,"abstraksi = permulaan,
orientasi,
koda = kesimpulan",10
Apa yang dimaksud dengan hikayat? Jelaskan dengan bahasamu sendiri.,teks yang berisi tentang aneka lucu serta Pelajaran Penting.,10
Sebutkan tiga ciri khas hikayat sebagai karya sastra lama.,"adanya keajaiban, tokohnya luar biasa",0
Sebutkan struktur umum hikayat dan jelaskan fungsi masing-masing bagian.,inspiratif,0
"Dari ketiga jenis teks (LHO, Anekdot, Hikayat), pilih salah satu dan jelaskan pesan atau nilai yang biasanya ingin disampaikan penulis melalui teks tersebut, berdasarkan pemahamanmu","LHO (Agar lebih mudah dalam meneliti, mendeskripsikan)",0
Jelaskan dengan bahasamu sendiri apa yang dimaksud dengan Teks Laporan Hasil Observasi!,teks LHO adalah teks laporan observasi / menjelaskan arti umum dari Suatu objek hasil Pengamatan langsung,10
Sebutkan tiga ciri utama dari Teks Laporan Hasil Observasi!,"berisi Pembahasan tentang Suatu objek, disusun secara Sistematis, terdapat perincian bagian Suatu Objek",10
Apa tujuan dibuatnya teks laporan hasil observasi? Jelaskan secara sederhana.,tujuan teks laporan hasil observasi adalah untuk menyampaikan Informasi Faktual tentang Suatu objek atau peristiwa,10
Jelaskan apa yang dimaksud dengan teks anekdot menurut pemahamanmu.,"cerita Singkat yang bersifat lucu/menyindir. Biasanya digunakan mengeritik Perilaku, kebijakan atau keadaan tertentu",10
Sebutkan dua ciri yang selalu ada dalam teks anekdot.,"cerita Singkat, menyindiri",10
Sebutkan struktur teks anekdot dan jelaskan secara singkat setiap bagiannya.,"abstraksi, orientasi, krisis, Reaksi, koda",8
Apa yang dimaksud dengan hikayat? Jelaskan dengan bahasamu sendiri.,hikayat merupakan karya Sastra melayu klasik berupa Prosa,10
Sebutkan tiga ciri khas hikayat sebagai karya sastra lama.,"menggunakan bahasa melayu, bersifat intonatif, pratogis",10
Sebutkan struktur umum hikayat dan jelaskan fungsi masing-masing bagian.,"abstraksi, komunikasi, orientasi, Evaluasi, koda, resolusi",10
"Dari ketiga jenis teks (LHO, Anekdot, Hikayat), pilih salah satu dan jelaskan pesan atau nilai yang biasanya ingin disampaikan penulis melalui teks tersebut, berdasarkan pemahamanmu",anekdhot = mengritik orang yang maupun ngeritik baik atau buruk dan menyindir. Menyindir biasanya menyindir orang entah itu sindiran baik atau buruk.,10
Jelaskan dengan bahasamu sendiri apa yang dimaksud dengan Teks Laporan Hasil Observasi!,teks observasi adalah teks Laporan yang deskripsi nya berurutan seperti teks tutorial atau cara,10
Sebutkan tiga ciri utama dari Teks Laporan Hasil Observasi!,deskripsi nya bersetep / berurut - berdeskripsi jelas menunjukan cara / tutorial,10
Apa tujuan dibuatnya teks laporan hasil observasi? Jelaskan secara sederhana.,menunjukan cara bagaimana atau mamahami teks observasi,10
Jelaskan apa yang dimaksud dengan teks anekdot menurut pemahamanmu.,teks anekdot adalah teks yang berupa hiburan dan ada mengandung sedikit sindiran,10
Sebutkan dua ciri yang selalu ada dalam teks anekdot.,Sindiran Publik dan sindiran Lingkungan,10
Sebutkan struktur teks anekdot dan jelaskan secara singkat setiap bagiannya.,"berisi tentang hiburan, dan sedikit berisi tentang sindiran ublik",10
Apa yang dimaksud dengan hikayat? Jelaskan dengan bahasamu sendiri.,"hikayat adalah sebuah cerita Legenda, orang melayu",10
Sebutkan tiga ciri khas hikayat sebagai karya sastra lama.,menggunakan bahasa melayu lama - menceritakan sosok pahlawan - tokoh terkenal,10
Sebutkan struktur umum hikayat dan jelaskan fungsi masing-masing bagian.,bahasa melayu lama / karas dan sosok pahlawan,10
"Dari ketiga jenis teks (LHO, Anekdot, Hikayat), pilih salah satu dan jelaskan pesan atau nilai yang biasanya ingin disampaikan penulis melalui teks tersebut, berdasarkan pemahamanmu","teks anekdok pesan yang disampaikan, jangan bersikap tidak adil di hadapan Publik",10
Jelaskan dengan bahasamu sendiri apa yang dimaksud dengan Teks Laporan Hasil Observasi!,teks yang berisi penjabaran umum dan pelaporan hasil pengamatan yang sistematis terhadap suatu objek,10
Sebutkan tiga ciri utama dari Teks Laporan Hasil Observasi!,"bahasa baku dan ilmiah, fokus pada objek tunggal",10
Apa tujuan dibuatnya teks laporan hasil observasi? Jelaskan secara sederhana.,untuk melaporkan hasil pengamtaan secara sistematis agar dpt di pahami dan digunakan sebagai landasan untuk tindakan / pemahaman lebih.,10
Jelaskan apa yang dimaksud dengan teks anekdot menurut pemahamanmu.,teks anekdot adalah tujuan singkat berisi cerita lucu / sindiran,10
Sebutkan dua ciri yang selalu ada dalam teks anekdot.,"cerita singkat, humor",10
Sebutkan struktur teks anekdot dan jelaskan secara singkat setiap bagiannya.,"abstrak = pembuka dari sebuah cerita
oreantasi = menjelaskan latar, Tokoh dan situasi
Krisis = bagian ini dari kejadian lucu,
Koda = Penutup dari sebuah cerita",10
Apa yang dimaksud dengan hikayat? Jelaskan dengan bahasamu sendiri.,hikayat adalah karya sastra malayu klasik hikayat termasuk kedalam teks cerita rakyat. Juga cerita terkaam berisi cerita sisilan (DD yg bersifat sejarah keagamaan dll),10
Sebutkan tiga ciri khas hikayat sebagai karya sastra lama.,"bersifat intanosantris, Tidak logis, Staris / logis",10
Sebutkan struktur umum hikayat dan jelaskan fungsi masing-masing bagian.,"abstraksi, orientasi, komplikasi, elaqsi, koda",10
"Dari ketiga jenis teks (LHO, Anekdot, Hikayat), pilih salah satu dan jelaskan pesan atau nilai yang biasanya ingin disampaikan penulis melalui teks tersebut, berdasarkan pemahamanmu",,10
Jelaskan dengan bahasamu sendiri apa yang dimaksud dengan Teks Laporan Hasil Observasi!,Teks laporan oBservasi adalah Dimana orang menulis cerita Dengan Sederhana Tapi harus rinci,10
Sebutkan tiga ciri utama dari Teks Laporan Hasil Observasi!,"kata Pembuka, kata Pentup, Tokoh,  Tempat, Waktu",10
Apa tujuan dibuatnya teks laporan hasil observasi? Jelaskan secara sederhana.,Orang akan Gampang menceritakan kejadian yang pernah Dia alami. Secara rinci / sederhana,10
Jelaskan apa yang dimaksud dengan teks anekdot menurut pemahamanmu.,texs anexdot adalah Dimana orang menjelaskan secara rinci dan tIeliti,10
Sebutkan dua ciri yang selalu ada dalam teks anekdot.,"Paragraf, Tokoh",10
Sebutkan struktur teks anekdot dan jelaskan secara singkat setiap bagiannya.,"Paragraf 1 / Pembukaan,
Paragraf 2 menjelaskan cerita / kejadian,
Paragraf 3 Penutupan",10
Apa yang dimaksud dengan hikayat? Jelaskan dengan bahasamu sendiri.,Texs hikayat aDalah Dimana seseorang menceritakan / Dongeng Jaman Dulu.,10
Sebutkan tiga ciri khas hikayat sebagai karya sastra lama.,"Pembuka, Pengantar, Penutup",10
Sebutkan struktur umum hikayat dan jelaskan fungsi masing-masing bagian.,"abraksi, areantasi, kompinasi, elavasi, kode",10
"Dari ketiga jenis teks (LHO, Anekdot, Hikayat), pilih salah satu dan jelaskan pesan atau nilai yang biasanya ingin disampaikan penulis melalui teks tersebut, berdasarkan pemahamanmu",lho adalah pengertian texs yang berisi Penjabaran umum dan Pelaporan hasil Pengamatan tang sistematis Terhadap Sesuatu Objek,10
Jelaskan dengan bahasamu sendiri apa yang dimaksud dengan Teks Laporan Hasil Observasi!,teks yang untuk menyampaikan hasil laporan,10
Sebutkan tiga ciri utama dari Teks Laporan Hasil Observasi!,abstraksi,10
Apa tujuan dibuatnya teks laporan hasil observasi? Jelaskan secara sederhana.,agar dapat mengetahui laporan hasil observasi dengna rinci,10
Jelaskan apa yang dimaksud dengan teks anekdot menurut pemahamanmu.,teks anekdot = teks yang menjelaskan tentang kritikan / pesan moral.,10
Sebutkan dua ciri yang selalu ada dalam teks anekdot.,"sindiran, kritik.",10
Sebutkan struktur teks anekdot dan jelaskan secara singkat setiap bagiannya.,"teks, laporan, hasil, Pesan atau nilai",10
Apa yang dimaksud dengan hikayat? Jelaskan dengan bahasamu sendiri.,gambar yang berbentuk Prosa dan Mengalami peristiwa dahulu / karya sastra lama.,10
Sebutkan tiga ciri khas hikayat sebagai karya sastra lama.,"pesan moral, kritikan, atau nilai.",10
Sebutkan struktur umum hikayat dan jelaskan fungsi masing-masing bagian.,"teks, gambar/ karya sastra lama, Laporan, hasil, pesan atau nilai.",10
"Dari ketiga jenis teks (LHO, Anekdot, Hikayat), pilih salah satu dan jelaskan pesan atau nilai yang biasanya ingin disampaikan penulis melalui teks tersebut, berdasarkan pemahamanmu",agar seseorang Melihat / Mencontoh hal positifnya,10
Jelaskan dengan bahasamu sendiri apa yang dimaksud dengan Teks Laporan Hasil Observasi!,Laporan Hasil Observasi adalah untuk menejlaskan Suatu Kejadia Dan di Jelaskan Hasil Observasi itu dengan Secara detail.,10
Sebutkan tiga ciri utama dari Teks Laporan Hasil Observasi!,Lucu (meggelitik),10
Apa tujuan dibuatnya teks laporan hasil observasi? Jelaskan secara sederhana.,menceritakan Hasil Observasi itu,10
Jelaskan apa yang dimaksud dengan teks anekdot menurut pemahamanmu.,menjelaskan Suatu Pemohonan,10
Sebutkan dua ciri yang selalu ada dalam teks anekdot.,Karya Sastra lama.,10
Sebutkan struktur teks anekdot dan jelaskan secara singkat setiap bagiannya.,memahami suatu struktur Secara detail,10
Apa yang dimaksud dengan hikayat? Jelaskan dengan bahasamu sendiri.,menjelaskan Suatu Penemuan lama  Dan di Jelaskan Penerima lama itu Dengan  Secara Detail,10
Sebutkan tiga ciri khas hikayat sebagai karya sastra lama.,waktu penemuan Usia karya itu,10
Sebutkan struktur umum hikayat dan jelaskan fungsi masing-masing bagian.,menjelaskan suatu Penerima Dan Karya Sastra Lama,10
"Dari ketiga jenis teks (LHO, Anekdot, Hikayat), pilih salah satu dan jelaskan pesan atau nilai yang biasanya ingin disampaikan penulis melalui teks tersebut, berdasarkan pemahamanmu",LHO menceritakan suatu cerita yang dibuat,10
Jelaskan dengan bahasamu sendiri apa yang dimaksud dengan Teks Laporan Hasil Observasi!,Berbicara Sopan santun,10
Sebutkan tiga ciri utama dari Teks Laporan Hasil Observasi!,"menjaga toleransi, menolong dan Membantu orang sakit",10
Apa tujuan dibuatnya teks laporan hasil observasi? Jelaskan secara sederhana.,membicarakan hal sesuatu,10
Jelaskan apa yang dimaksud dengan teks anekdot menurut pemahamanmu.,teks laporan,10
Sebutkan dua ciri yang selalu ada dalam teks anekdot.,laporan pehaman,10
Sebutkan struktur teks anekdot dan jelaskan secara singkat setiap bagiannya.,kata kata,10
Apa yang dimaksud dengan hikayat? Jelaskan dengan bahasamu sendiri.,muslim,10
Sebutkan tiga ciri khas hikayat sebagai karya sastra lama.,melukis,10
Sebutkan struktur umum hikayat dan jelaskan fungsi masing-masing bagian.,Toa,10
"Dari ketiga jenis teks (LHO, Anekdot, Hikayat), pilih salah satu dan jelaskan pesan atau nilai yang biasanya ingin disampaikan penulis melalui teks tersebut, berdasarkan pemahamanmu",untuk memikir sesuatu,10
Jelaskan dengan bahasamu sendiri apa yang dimaksud dengan Teks Laporan Hasil Observasi!,"Teks Laporan Hasil observasi adalah teks yg kita tulis dari melihat atau Menonton sesuatu seperti hewan, Tumbuhan dsb atau Penjelasan Secara rinci",10
Sebutkan tiga ciri utama dari Teks Laporan Hasil Observasi!,"Bersifat Objektif,Disusun sistematis, Ditulis Berdasarkan Fakta",10
Apa tujuan dibuatnya teks laporan hasil observasi? Jelaskan secara sederhana.,agar memberikan Informasi faktual tentang suatu objek pengamatan,10
Jelaskan apa yang dimaksud dengan teks anekdot menurut pemahamanmu.,Teks Anekdot Cerita Singkat yg Lucu atau menyindir,10
Sebutkan dua ciri yang selalu ada dalam teks anekdot.,"Mengandung Humor, Berdasarkan Kejadian yg hampir nyala",10
Sebutkan struktur teks anekdot dan jelaskan secara singkat setiap bagiannya.,"Abstrak, orientasi, krisis, Reaksi, Koda",10
Apa yang dimaksud dengan hikayat? Jelaskan dengan bahasamu sendiri.,Hikayat adalah Cerita Klasik yg berisi tentang tokoh hebat biasanya banyak kejadian,10
Sebutkan tiga ciri khas hikayat sebagai karya sastra lama.,"Mengandung unsur fantastik, Bersifat Turun Temurun, Cerita berdasarkan Kejadian",10
Sebutkan struktur umum hikayat dan jelaskan fungsi masing-masing bagian.,"Tema, Tokoh, alur, Latar , amanat",10
"Dari ketiga jenis teks (LHO, Anekdot, Hikayat), pilih salah satu dan jelaskan pesan atau nilai yang biasanya ingin disampaikan penulis melalui teks tersebut, berdasarkan pemahamanmu","nilai moral, krisis sosial, informasi penting, Pelajaran hidup yg ingin disampaikan si penulis",10
Jelaskan dengan bahasamu sendiri apa yang dimaksud dengan Teks Laporan Hasil Observasi!,Laporan hasil observasi adalah teks yang berisi penjabaran umum atau laporan faktual tentang suatu objek,10
Sebutkan tiga ciri utama dari Teks Laporan Hasil Observasi!,"bersifat objektif, berdasarkan fakta, disusun secara sistematis",10
Apa tujuan dibuatnya teks laporan hasil observasi? Jelaskan secara sederhana.,untuk menyajikan Informasi data dan fakta secara objektif tentang suatu objek atau Fenomena,10
Jelaskan apa yang dimaksud dengan teks anekdot menurut pemahamanmu.,cerita singkat yang lucu dan mengsankan biasanya berdasarkan kejadian nyata,10
Sebutkan dua ciri yang selalu ada dalam teks anekdot.,"humor yg mengkritik, sindiran halus",10
Sebutkan struktur teks anekdot dan jelaskan secara singkat setiap bagiannya.,"abstrak (gambaran umum),
orientasi (menunjukkan latar belakang),
krisis (puncak cerita yang berisi masala / konflik),
Reaksi (tanggapan atau Respon karakter krisis),
Koda (bagian Penutup yg berisi Kesimpulan)",10
Apa yang dimaksud dengan hikayat? Jelaskan dengan bahasamu sendiri.,"Karya Sastra melayi lama berbentuk Prosa yg berisi cerita, undang undang atau silsilah",10
Sebutkan tiga ciri khas hikayat sebagai karya sastra lama.,"bersifat istanasentris, pralogis, menggunakan bahasa melayu lama",10
Sebutkan struktur umum hikayat dan jelaskan fungsi masing-masing bagian.,"abstraksi, orientasi, komplikasi, evaluasi, resolusi, koda",8
"Dari ketiga jenis teks (LHO, Anekdot, Hikayat), pilih salah satu dan jelaskan pesan atau nilai yang biasanya ingin disampaikan penulis melalui teks tersebut, berdasarkan pemahamanmu",teks anekdot = hiburan yang dibungkus kritik sosial Sindiran halus dan Pesan moral  atau amanat,10
Jelaskan dengan bahasamu sendiri apa yang dimaksud dengan Teks Laporan Hasil Observasi!,laporan Hasill pengamatan yg mencatat Secara Fakta Berdasarkan objektif dn Strukturnya,10
Sebutkan tiga ciri utama dari Teks Laporan Hasil Observasi!,"objektif, sistematis, kontrenatif",5
Apa tujuan dibuatnya teks laporan hasil observasi? Jelaskan secara sederhana.,"memberikan informasi, menganalisis, mengevaluasi",10
Jelaskan apa yang dimaksud dengan teks anekdot menurut pemahamanmu.,cerita singkat lucu dn menarik biasanya yata,0
Sebutkan dua ciri yang selalu ada dalam teks anekdot.,humor yg mnegeritik sindiran halus,10
Sebutkan struktur teks anekdot dan jelaskan secara singkat setiap bagiannya.,"Pembuka, isi, Penutup",10
Apa yang dimaksud dengan hikayat? Jelaskan dengan bahasamu sendiri.,cerita pendek yg mengunakan Bahasa melayu menceritakan pertualangan pahlamawan,10
Sebutkan tiga ciri khas hikayat sebagai karya sastra lama.,"Bersifat instaniSentres, prlogis, mengunakan Bahasa melayu lama",10
Sebutkan struktur umum hikayat dan jelaskan fungsi masing-masing bagian.,"Abstraksi, orientasi, famlikasi, eramlikasi, revolusi, koda",5
"Dari ketiga jenis teks (LHO, Anekdot, Hikayat), pilih salah satu dan jelaskan pesan atau nilai yang biasanya ingin disampaikan penulis melalui teks tersebut, berdasarkan pemahamanmu","nilai moral = berhubungan dgn baik / buruk prilaku 9jujur, sabar, tamak
Teks Anekdot = Hiburan yg dibungkus kritik Sosial sindiran halus dn pesan moral/amanat",10
Jelaskan dengan bahasamu sendiri apa yang dimaksud dengan Teks Laporan Hasil Observasi!,hasil teks observasi itu Seperti teks deskripsi dengan mencatat sebuah benda dengan rinci.,10
Sebutkan tiga ciri utama dari Teks Laporan Hasil Observasi!,"bersifat objektif, disusun sistematis, ditulis berdasarkan fakta",10
Apa tujuan dibuatnya teks laporan hasil observasi? Jelaskan secara sederhana.,agar dapat mengenali benda asing,0
Jelaskan apa yang dimaksud dengan teks anekdot menurut pemahamanmu.,teks anekdot adalah teks yang berisi sesuatu lelucon atau candaan dengan bahasa yang sederhana,10
Sebutkan dua ciri yang selalu ada dalam teks anekdot.,mengandung humor berdasarkan kejadian yang hampir nyata,10
Sebutkan struktur teks anekdot dan jelaskan secara singkat setiap bagiannya.,"artefak, orientasi",0
Apa yang dimaksud dengan hikayat? Jelaskan dengan bahasamu sendiri.,hikayat adalah teks berisi cerita laman atau fiksi yang menggunakan bahasa melayu lama.,10
Sebutkan tiga ciri khas hikayat sebagai karya sastra lama.,"mengandung unsur tethenik, bersifat turun menurut, berdasarkan kejadian",10
Sebutkan struktur umum hikayat dan jelaskan fungsi masing-masing bagian.,"tema, tokoh, alur, latar , amanat",0
"Dari ketiga jenis teks (LHO, Anekdot, Hikayat), pilih salah satu dan jelaskan pesan atau nilai yang biasanya ingin disampaikan penulis melalui teks tersebut, berdasarkan pemahamanmu","nilai moral , krisis sosial, informasi penting , pelajaran hidup yang disampaikan si penulis",0
Jelaskan dengan bahasamu sendiri apa yang dimaksud dengan Teks Laporan Hasil Observasi!,laporan berisi fajta dan hasil pengalaman,10
Sebutkan tiga ciri utama dari Teks Laporan Hasil Observasi!,"fakta, teratur dan menggunakan bahasa baku",10
Apa tujuan dibuatnya teks laporan hasil observasi? Jelaskan secara sederhana.,menyampaikan fakta hasil pengamatan,0
Jelaskan apa yang dimaksud dengan teks anekdot menurut pemahamanmu.,cerita pendek yang lucu sekaligus menyindir,10
Sebutkan dua ciri yang selalu ada dalam teks anekdot.,menyindir dan lucu ,10
Sebutkan struktur teks anekdot dan jelaskan secara singkat setiap bagiannya.,"abstraksi = pembuka,
orientasi = mengenalkan,
kritik = masalah,
reaksi = penyelesaian,
koda = penutupan",10
Apa yang dimaksud dengan hikayat? Jelaskan dengan bahasamu sendiri.,cerita tradisional tentang tokoh luar biasa dengan unsur positif,10
Sebutkan tiga ciri khas hikayat sebagai karya sastra lama.,"mengandung unsur istimewa,khayal dan tokoh",0
Sebutkan struktur umum hikayat dan jelaskan fungsi masing-masing bagian.,mengantar isi peristiwa penting,0
"Dari ketiga jenis teks (LHO, Anekdot, Hikayat), pilih salah satu dan jelaskan pesan atau nilai yang biasanya ingin disampaikan penulis melalui teks tersebut, berdasarkan pemahamanmu",hikayat = karena menceritakkan kisah kisah jaman dulu,0
Jelaskan dengan bahasamu sendiri apa yang dimaksud dengan Teks Laporan Hasil Observasi!,Adalah teks yg berisi laporan hasil dari pengamatan (observasi),10
Sebutkan tiga ciri utama dari Teks Laporan Hasil Observasi!,"Menggunakan bahasa yg baku, menggunakan cara yg sistematis, Pembahasan",10
Apa tujuan dibuatnya teks laporan hasil observasi? Jelaskan secara sederhana.,untuk mendapatkan informasi,10
Jelaskan apa yang dimaksud dengan teks anekdot menurut pemahamanmu.,Adalah cerita singkat yg berisi pujian/kritikan pada suatu prilaku/kebijakan dg cara menghibur dan ttp ada pesan moralnya ,10
Sebutkan dua ciri yang selalu ada dalam teks anekdot.,"cerita, singkat, sindiran",10
Sebutkan struktur teks anekdot dan jelaskan secara singkat setiap bagiannya.,"Abstraksi = gambaran cerita,
orientasi = latar cerita, memperkenalkan tokoh, tempat dan waktu,
krisis = bagian inti cerita,
reaksi = tanggapan,
koda = penutup cerita",10
Apa yang dimaksud dengan hikayat? Jelaskan dengan bahasamu sendiri.,"Adalah karya Sastra Prosa Melayu lama yg berisi Cerita / undang undang yg bersifat keagamaan, rekaan dan Historis",10
Sebutkan tiga ciri khas hikayat sebagai karya sastra lama.,"Mustahil, Istanasentris, Anonoim",10
Sebutkan struktur umum hikayat dan jelaskan fungsi masing-masing bagian.,"Abstraksi = gambaran cerita,
Orientasi = latar cerita,
Komplikasi = bagian inti masalah,
evaluasi = bagian pembenaran,
resolusi = solusi dalam cerita
koda = penutup",10
"Dari ketiga jenis teks (LHO, Anekdot, Hikayat), pilih salah satu dan jelaskan pesan atau nilai yang biasanya ingin disampaikan penulis melalui teks tersebut, berdasarkan pemahamanmu",Penulis dapat mengirim pesan berupa Pujian/kritikan dg hal lucu dan sarkas kpd siapa saja.,10
Jelaskan dengan bahasamu sendiri apa yang dimaksud dengan Teks Laporan Hasil Observasi!,"menjelaskan ciri-ciri umum dari satu objek atau fenomena  berdasarkan hasil  pengamatan langsung objeknya bisa berupa benda, hewan, tumbuhan dan fenomena alam",10
Sebutkan tiga ciri utama dari Teks Laporan Hasil Observasi!,bersifat objektif penyusunan teks nya sistematis dan berdasarkan fakta hasil pengamatan,10
Apa tujuan dibuatnya teks laporan hasil observasi? Jelaskan secara sederhana.,"memberikan informasi yang objektif, faktual, dan rinci kepada Pembaca tentang objek fenomena, atau peristiwa, berdasarkan hasil pengamatan ilmiah atau penelitian degan tujuan menngulaisifikasi dokumen tasikan, fakta menjadi sumber data terpercaya untuk analisis atau pengambilan keputusan",10
Jelaskan apa yang dimaksud dengan teks anekdot menurut pemahamanmu.,"teks anekdot adalah cerita singkat yang bersifat lucu atau menyindir biasanya digunakan untuk mengkritik prilaku kebijakan atau keadaan tertentu dengan cara yang menghibur, tetapi tetap memiliki pesan moral.",10
Sebutkan dua ciri yang selalu ada dalam teks anekdot.,"humor = elemen lucu yang membuat cerit amenghibur / cerita singkat
narasi = ringkasan yang menyampiakan pesan",10
Sebutkan struktur teks anekdot dan jelaskan secara singkat setiap bagiannya.,"abstraksi = bagian pembuka yang memberi gambaran umum isi cerita biasanya untuk menarik perhatian,
prientasi = Bagian yang mengenalkan latar belakang seperti siapa tokohnya, kapan dan dimana peristiwa terjadi,
krisis = momen puncak konflik atau masalah yang membuat arti lucu dan,
reaksi = tanggapan atau respon  tokoh terhadap krisis, seringkali disajikan dengan cara  yang tidak terduga.
koda = penutup cerita yang berisi kesimpulan, Pesan moral, atau sindiran bagian bersikap opsional.",10
Apa yang dimaksud dengan hikayat? Jelaskan dengan bahasamu sendiri.,"hikayat merupakan karya sastra melayu klasik  berupa plosa juga merupakan rekan berisi cerita silsilah dan undang undang yang bersifat historis, keagamaan, dan lain lain",10
Sebutkan tiga ciri khas hikayat sebagai karya sastra lama.,"menggunakan bahasa melayu lama, bersifat istanafis atau pusat cerita beradi di lingkungan kerja, pralogis atau  banyak cerita yang tidak dapat diterima oleh akal",10
Sebutkan struktur umum hikayat dan jelaskan fungsi masing-masing bagian.,"mengantar isi / peristiwa, penutup",10
"Dari ketiga jenis teks (LHO, Anekdot, Hikayat), pilih salah satu dan jelaskan pesan atau nilai yang biasanya ingin disampaikan penulis melalui teks tersebut, berdasarkan pemahamanmu",memberikan pesan untuk terus anekdot  memberi pesan pesan moral (kritik-kritik) ingin disampaikan penulis melalui cerita lucu  dan menyindir.,10
Jelaskan dengan bahasamu sendiri apa yang dimaksud dengan Teks Laporan Hasil Observasi!,laporan berisi fakta dan hasil pengamatan,10
Sebutkan tiga ciri utama dari Teks Laporan Hasil Observasi!,fakta teratur dan jelas bahasa baku,10
Apa tujuan dibuatnya teks laporan hasil observasi? Jelaskan secara sederhana.,menyampaikan Fakta hasil Pengamatan,10
Jelaskan apa yang dimaksud dengan teks anekdot menurut pemahamanmu.,Cerita Pendek yg lucu sekaligus menyindir,10
Sebutkan dua ciri yang selalu ada dalam teks anekdot.,"Lucu, menyindir",10
Sebutkan struktur teks anekdot dan jelaskan secara singkat setiap bagiannya.,"abstraksi = pembuka,
orientasi = mengenalkan,
kritik = masalah,
reaksi = penyelesaian,
koda = penutupan",10
Apa yang dimaksud dengan hikayat? Jelaskan dengan bahasamu sendiri.,cerita tradisional tentang tokoh luar biasa dg unsur positif,0
Sebutkan tiga ciri khas hikayat sebagai karya sastra lama.,"mengandung unsur khayal, tokoh istimewa",10
Sebutkan struktur umum hikayat dan jelaskan fungsi masing-masing bagian.,"mengantar isi Pristiwa, Pneutup",10
"Dari ketiga jenis teks (LHO, Anekdot, Hikayat), pilih salah satu dan jelaskan pesan atau nilai yang biasanya ingin disampaikan penulis melalui teks tersebut, berdasarkan pemahamanmu",Hikayat = kaRean menceritakan kisah kisah jaman dulu,10
Jelaskan dengan bahasamu sendiri apa yang dimaksud dengan Teks Laporan Hasil Observasi!,teks yg melaporkan sebuah hasil dari Pengamatan (observasi),10
Sebutkan tiga ciri utama dari Teks Laporan Hasil Observasi!,"tujuan untuk mendaat informasi, berisi fakta, menggunakan bahasa baku",10
Apa tujuan dibuatnya teks laporan hasil observasi? Jelaskan secara sederhana.,menyampaikan fakta hasil pengamatan,10
Jelaskan apa yang dimaksud dengan teks anekdot menurut pemahamanmu.,cerita pendek yang lucu sekaligus menyindir,10
Sebutkan dua ciri yang selalu ada dalam teks anekdot.,"mengandung unsur lucu, mengeritik atau sindiran",10
Sebutkan struktur teks anekdot dan jelaskan secara singkat setiap bagiannya.,"abstraksi (pembuka cerita),
orietasi (mengenalkan Situasi dan tokoh",10
Apa yang dimaksud dengan hikayat? Jelaskan dengan bahasamu sendiri.,hikayat = Cerita tradisional tentang tokoh luar biasanya dengan Unsur fantasi,10
Sebutkan tiga ciri khas hikayat sebagai karya sastra lama.,"tokoh istimewah, mengandung unsur khayalan, melayu klasik",10
Sebutkan struktur umum hikayat dan jelaskan fungsi masing-masing bagian.,"Pengantar, isi / Pristiwa, penutup",10
"Dari ketiga jenis teks (LHO, Anekdot, Hikayat), pilih salah satu dan jelaskan pesan atau nilai yang biasanya ingin disampaikan penulis melalui teks tersebut, berdasarkan pemahamanmu",,0
Jelaskan dengan bahasamu sendiri apa yang dimaksud dengan Teks Laporan Hasil Observasi!,text yg berisi suatu objek Dn Peristiwa yg Di Susun Secara Sistematis Dn terstruktuR.,10
Sebutkan tiga ciri utama dari Teks Laporan Hasil Observasi!,"Di Susun secara Sistematis, bersifat objektif, berdasarkan Fakta",10
Apa tujuan dibuatnya teks laporan hasil observasi? Jelaskan secara sederhana.,Untuk menyampaikan informasi Faktual kepada Pebaca agar bisa Di lihat Dengan Jelas,10
Jelaskan apa yang dimaksud dengan teks anekdot menurut pemahamanmu.,text yg bersifat lucu.,0
Sebutkan dua ciri yang selalu ada dalam teks anekdot.,"memiliki Dasar lucu, mempunyai pesan moral.",0
Sebutkan struktur teks anekdot dan jelaskan secara singkat setiap bagiannya.,"abstraksi = pembukaan,
Orientasi = awal terjadinya,
krisis = Permasalahan,
Reaksi = Penyelesaian masalah,
koDa = Penutup, Pesan moral",10
Apa yang dimaksud dengan hikayat? Jelaskan dengan bahasamu sendiri.,hikayat aDalah karya sastra lama yg memiliki kisah atau crita.,0
Sebutkan tiga ciri khas hikayat sebagai karya sastra lama.,"tokoh tokoh nya memiliki keajaiban atau kesaktian,
tokoh tokohnya istimewa (gagah, Pemberani, Dll)
latar belakangnya Pd masa lampau",10
Sebutkan struktur umum hikayat dan jelaskan fungsi masing-masing bagian.,"Orientasi = Pengenalan tokoh- tokoh,
Komplikasi = awal terjadinya masalah,
Resolusi = Penyelesaian Masalah,
Koda = Penutup",10
"Dari ketiga jenis teks (LHO, Anekdot, Hikayat), pilih salah satu dan jelaskan pesan atau nilai yang biasanya ingin disampaikan penulis melalui teks tersebut, berdasarkan pemahamanmu",Anekdot = karena Cerita ini memiliki unsur lucu Dn Pesan moral,10
Jelaskan dengan bahasamu sendiri apa yang dimaksud dengan Teks Laporan Hasil Observasi!,kata yang digunakan sehari-hari,0
Sebutkan tiga ciri utama dari Teks Laporan Hasil Observasi!,"anetdok, Hikatar, Karya Sastra",0
Apa tujuan dibuatnya teks laporan hasil observasi? Jelaskan secara sederhana.,untuk menyampaikan informasi,0
Jelaskan apa yang dimaksud dengan teks anekdot menurut pemahamanmu.,bersifat lucu,0
Sebutkan dua ciri yang selalu ada dalam teks anekdot.,"Sastra lama, baku",0
Sebutkan struktur teks anekdot dan jelaskan secara singkat setiap bagiannya.,Struktur yang Singkat Tapi mudah dipahami,0
Apa yang dimaksud dengan hikayat? Jelaskan dengan bahasamu sendiri.,Hikayat ada suatu Teks laporan observasi,0
Sebutkan tiga ciri khas hikayat sebagai karya sastra lama.,"Teks yang Tidak bisa di ubah, cara legenda, mitor",0
Sebutkan struktur umum hikayat dan jelaskan fungsi masing-masing bagian.,,0
"Dari ketiga jenis teks (LHO, Anekdot, Hikayat), pilih salah satu dan jelaskan pesan atau nilai yang biasanya ingin disampaikan penulis melalui teks tersebut, berdasarkan pemahamanmu",Pembicara para koruptor / Tikus Tikus berdasi,0
Jelaskan dengan bahasamu sendiri apa yang dimaksud dengan Teks Laporan Hasil Observasi!,Teks yang Berisi Narasi,0
Sebutkan tiga ciri utama dari Teks Laporan Hasil Observasi!,"Panjang, jelas, Simple",0
Apa tujuan dibuatnya teks laporan hasil observasi? Jelaskan secara sederhana.,agar Bisa di lakukan dg Baik,0
Jelaskan apa yang dimaksud dengan teks anekdot menurut pemahamanmu.,Tek yang Berisi Narasi,0
Sebutkan dua ciri yang selalu ada dalam teks anekdot.,jelas dan Rapih,0
Sebutkan struktur teks anekdot dan jelaskan secara singkat setiap bagiannya.,Tek yang,0
Apa yang dimaksud dengan hikayat? Jelaskan dengan bahasamu sendiri.,Crita hikayat,0
Sebutkan tiga ciri khas hikayat sebagai karya sastra lama.,"BerBahasa Melayu kuno, agresif",0
Sebutkan struktur umum hikayat dan jelaskan fungsi masing-masing bagian.,Berbahasa Mlayu Kuno,0
"Dari ketiga jenis teks (LHO, Anekdot, Hikayat), pilih salah satu dan jelaskan pesan atau nilai yang biasanya ingin disampaikan penulis melalui teks tersebut, berdasarkan pemahamanmu",Hikayat,0
Jelaskan dengan bahasamu sendiri apa yang dimaksud dengan Teks Laporan Hasil Observasi!,dokumen tertulis yang berisi informasi yg di catat dan di susun ecara sistematis sbgai hasil dari pengamatan atau peninjauan langusng (observasi) terhadap suatu objek atau kegiatan tertentu,10
Sebutkan tiga ciri utama dari Teks Laporan Hasil Observasi!,"faktual dan objektif, sistematis dan terstruktur, lengkap dan Universal",10
Apa tujuan dibuatnya teks laporan hasil observasi? Jelaskan secara sederhana.,"Untuk menyampaikan informasi faktual dan terperinci mengenai suatu objek kegiatan, atau peristiwa yang telah di amati secara langsung",10
Jelaskan apa yang dimaksud dengan teks anekdot menurut pemahamanmu.,Cerita singkat yang menarik karna lucu dan mengesankan yang umumnya berisi kritik atau sindiran terhadap kebiijakan,10
Sebutkan dua ciri yang selalu ada dalam teks anekdot.,"Mengandung Unsur humor (kelucuan), mengandung kritik atau sindiran",10
Sebutkan struktur teks anekdot dan jelaskan secara singkat setiap bagiannya.,"Abstrakasi = Memberikan gamabran umum mengenai isi teks anekdot,
orientasi = Menunjukan latar belakang kejadian atau awal mula maslaah yang akan di kritik,
krisis = bagian inti cerita yang berisi puncak masalah atau kekonyolan yang menganudng unsur lucu sekaligus kritik,
Reaksi = bagian yang menjelaskan cara tokoh menyelesaikan / menanggapi masalah yang timbul atau bagian krisis,
koda = bagian penutup cerita, kadang berisi perubahan yang terjadi Pada tokoh atau sekedar penegasan ulang",10
Apa yang dimaksud dengan hikayat? Jelaskan dengan bahasamu sendiri.,"Hikayat adalah karya sastra lama / Prosa lama yang bersal dari melayu yang isinya berupa cerita  dongeng atau kisah tentang kehidupan para raja, Pahlawan, dewa/dewi, atau orang Perkasa di masalalu.",10
Sebutkan tiga ciri khas hikayat sebagai karya sastra lama.,"kemustahilan, Istana Sentris, anonim",10
Sebutkan struktur umum hikayat dan jelaskan fungsi masing-masing bagian.,"eksposisi/orientasi, komplikasi/permsalahan, kimakas, Resolusi, koda",10
"Dari ketiga jenis teks (LHO, Anekdot, Hikayat), pilih salah satu dan jelaskan pesan atau nilai yang biasanya ingin disampaikan penulis melalui teks tersebut, berdasarkan pemahamanmu","Hikayat = biasanya tentang nilai moral (akhlak), nilai budaya, nilai sosial dan nilai Religius (keagamaan)",10
Jelaskan dengan bahasamu sendiri apa yang dimaksud dengan Teks Laporan Hasil Observasi!,teks Yang berisi Penjelasan / informasi,10
Sebutkan tiga ciri utama dari Teks Laporan Hasil Observasi!,"klasifikasi, bagian, manfaat",10
Apa tujuan dibuatnya teks laporan hasil observasi? Jelaskan secara sederhana.,biar Pembaca mendapatkan informasi,10
Jelaskan apa yang dimaksud dengan teks anekdot menurut pemahamanmu.,teks yang berisi cerita lucu,0
Sebutkan dua ciri yang selalu ada dalam teks anekdot.,"menggunakan pasis, kerja aktif",0
Sebutkan struktur teks anekdot dan jelaskan secara singkat setiap bagiannya.,"menentukan objek, mencatat hasil pengamatan",0
Apa yang dimaksud dengan hikayat? Jelaskan dengan bahasamu sendiri.,teks yang menceritakan tidak benar / hoax,0
Sebutkan tiga ciri khas hikayat sebagai karya sastra lama.,"abstrak, orientasi, reaksi",0
Sebutkan struktur umum hikayat dan jelaskan fungsi masing-masing bagian.,,0
"Dari ketiga jenis teks (LHO, Anekdot, Hikayat), pilih salah satu dan jelaskan pesan atau nilai yang biasanya ingin disampaikan penulis melalui teks tersebut, berdasarkan pemahamanmu",,0
Jelaskan dengan bahasamu sendiri apa yang dimaksud dengan Teks Laporan Hasil Observasi!,Teks yang mendeskripsikan ciri umum Suatu objek dari hasil pengamatan langsung,10
Sebutkan tiga ciri utama dari Teks Laporan Hasil Observasi!,"Disusun secara sistematis, Terdapat perincian bagian suatu objek, Berisi pembahasan suatu objek",10
Apa tujuan dibuatnya teks laporan hasil observasi? Jelaskan secara sederhana.,Sebagai data hasil pengamatan dan sebagai dasar memustukan suatu hal,0
Jelaskan apa yang dimaksud dengan teks anekdot menurut pemahamanmu.,"Teks / cerita singkat yg bersifat lucu / menyindir. Biasa diguanakan untuk mengkritik  perilaku, kebijakan / keadaan tertentu.",10
Sebutkan dua ciri yang selalu ada dalam teks anekdot.,"cerita Singkat, menyindiri",10
Sebutkan struktur teks anekdot dan jelaskan secara singkat setiap bagiannya.,"Abstraksi = Gambaran awal isi cerita,
Orientasi = Latar, Serta pengenalan tokoh,
krisis = Puncak suatu masalah,
Reaksi = Tanggapan / cara tokoh menghadapi masalah,
 Koda = penutup dan kesimpulan.",10
Apa yang dimaksud dengan hikayat? Jelaskan dengan bahasamu sendiri.,Hikayat merupakan kasrya sastra melayu klasik berupa prosa,10
Sebutkan tiga ciri khas hikayat sebagai karya sastra lama.,"menggunakan bahasa melayu lama, bersifat istanosentris, prologis",10
Sebutkan struktur umum hikayat dan jelaskan fungsi masing-masing bagian.,"Abstraksi = Gambaran awal isi cerita,
Orientasi = Pengenalan tokoh, latar, dan tempat,
komplikasi = mualinya muncul permasalahan
koda = penutup dan kesimpulan",10
"Dari ketiga jenis teks (LHO, Anekdot, Hikayat), pilih salah satu dan jelaskan pesan atau nilai yang biasanya ingin disampaikan penulis melalui teks tersebut, berdasarkan pemahamanmu",Hikayat = Pesan / nilai yg sering ingin disampaikan yaitu seperti hal-hal apapun yang ada pd zaman keistanaan dan tidak ditemukan pd msa sekarang,10
Jelaskan dengan bahasamu sendiri apa yang dimaksud dengan Teks Laporan Hasil Observasi!,Teks hasil Observasi adalah Teks yang dokumpulkan jadi satu dan dijadikan Observasi untuk Laporan,10
Sebutkan tiga ciri utama dari Teks Laporan Hasil Observasi!,"Menggunakan bahasa baku Merupakan teks untuk laporan, daat dipahami oleh pembaca",10
Apa tujuan dibuatnya teks laporan hasil observasi? Jelaskan secara sederhana.,untuk laporan hasil Observasi yang dilakukan,0
Jelaskan apa yang dimaksud dengan teks anekdot menurut pemahamanmu.,"teks anekdot Sebuah kalimat yang utnuk / digunakan bercerita, ecramah dll",10
Sebutkan dua ciri yang selalu ada dalam teks anekdot.,"dapat dipahami oleh pembaca / pendengar, Mudah dimengerti",10
Sebutkan struktur teks anekdot dan jelaskan secara singkat setiap bagiannya.,"Pembukaan = untuk Memulai, Deskripsi = Pesan yang akan disampaikan, Koda= untuk Pesan inspiratif",0
Apa yang dimaksud dengan hikayat? Jelaskan dengan bahasamu sendiri.,hikayat yaitu cerit apendek dan alurnya nyambung dapat dipahami oleh Pembaca,0
Sebutkan tiga ciri khas hikayat sebagai karya sastra lama.,"Menggunakan alur maju / Mundur, Menggunakan Bahasa yang jelas, mudah dimengerti",0
Sebutkan struktur umum hikayat dan jelaskan fungsi masing-masing bagian.,"koda, Bagian Paragraf Pertama, Pembukaan",5
"Dari ketiga jenis teks (LHO, Anekdot, Hikayat), pilih salah satu dan jelaskan pesan atau nilai yang biasanya ingin disampaikan penulis melalui teks tersebut, berdasarkan pemahamanmu","Hikayat. Pesan ynag bIsa disampaikan = motivasi, inspiratif untuk Pembaca",0
Jelaskan dengan bahasamu sendiri apa yang dimaksud dengan Teks Laporan Hasil Observasi!,Pengertian teks yg berisi Penjabaran umum dan Pelaporan hasil Pengamatan,10
Sebutkan tiga ciri utama dari Teks Laporan Hasil Observasi!,"Objek dan ilimiah, bahasa baku dan ilmiah, sistematis dan terstruktur",10
Apa tujuan dibuatnya teks laporan hasil observasi? Jelaskan secara sederhana.,tujuan dibuatnya untuk melaporkan hasil pengamatan secara  sistematis agar dp di Pahami dan di gunakan sebagai Landasan untuk tindakan/pemahaman lebih lanjut,10
Jelaskan apa yang dimaksud dengan teks anekdot menurut pemahamanmu.,teks anekdot adalah tulisan singkat berisi verita lucu / sindiran,10
Sebutkan dua ciri yang selalu ada dalam teks anekdot.,"cerita singkat, humor",10
Sebutkan struktur teks anekdot dan jelaskan secara singkat setiap bagiannya.,"abstrak = pembuka dari sebuah cerita,
orientasi = menjelaskan latar tokoh dan sitasi,
krisis = bagian dari kejadian lucu / tegang,
Reaksi = seorang tokoh memberi repson,
koda = Penutup dari sebuah cerita",10
Apa yang dimaksud dengan hikayat? Jelaskan dengan bahasamu sendiri.,Hikayat adalah karya sastra melayu klasik hikayat termasuk ke dlm teks cerita rakyat juga cerita percakapan berisi cerita sisilah UUD yg bersifat sejarah keagamaan dll,10
Sebutkan tiga ciri khas hikayat sebagai karya sastra lama.,"bersifat intanosentaris
Proosis / tdk logis
Strais / logis",10
Sebutkan struktur umum hikayat dan jelaskan fungsi masing-masing bagian.,"abstrak, orientasi, krisi, rekasi, koda",10
"Dari ketiga jenis teks (LHO, Anekdot, Hikayat), pilih salah satu dan jelaskan pesan atau nilai yang biasanya ingin disampaikan penulis melalui teks tersebut, berdasarkan pemahamanmu",LHO adalah laporam yg biasanya digunakan dlm cerita hikayat,10
Jelaskan dengan bahasamu sendiri apa yang dimaksud dengan Teks Laporan Hasil Observasi!,Sebuah teks observasi yg ada pada ceritanya / dan ada pada kalimat pertama,10
Sebutkan tiga ciri utama dari Teks Laporan Hasil Observasi!,latar/waktu/tempat/ tokoh nya,0
Apa tujuan dibuatnya teks laporan hasil observasi? Jelaskan secara sederhana.,biyar bisa mengetahui apa itu teks observasi dan apa itu teks observasi,0
Jelaskan apa yang dimaksud dengan teks anekdot menurut pemahamanmu.,teks yang ada kalimat pertamanya dan telahir nya,0
Sebutkan dua ciri yang selalu ada dalam teks anekdot.,ciri cirnya ada pada kalimat pertamanya,0
Sebutkan struktur teks anekdot dan jelaskan secara singkat setiap bagiannya.,kalimat awal/kalimat akhir yg ada pada teks anekdot,0
Apa yang dimaksud dengan hikayat? Jelaskan dengan bahasamu sendiri.,sebuah cerita/ atau kalimat,0
Sebutkan tiga ciri khas hikayat sebagai karya sastra lama.,sebuah kalimat / cerita / unsur Hikayat,0
Sebutkan struktur umum hikayat dan jelaskan fungsi masing-masing bagian.,Ada banyak jenis strukutr umum hikayat ,0
"Dari ketiga jenis teks (LHO, Anekdot, Hikayat), pilih salah satu dan jelaskan pesan atau nilai yang biasanya ingin disampaikan penulis melalui teks tersebut, berdasarkan pemahamanmu",memahami dulu apa yg mau kita  ceritakan/ dan kita tulis terlebih dahulu dan kita susun dengna rapi / benar cerita  tersebut,0
Jelaskan dengan bahasamu sendiri apa yang dimaksud dengan Teks Laporan Hasil Observasi!,Teks laporan hasil observasi adalah teks yang berisi penjabaran fakta berdasarkanpengamatan terhadap suatu objek Secara sistematis dan objektif,10
Sebutkan tiga ciri utama dari Teks Laporan Hasil Observasi!,"Bersifat Objektif,Disusun sistematis, Ditulis Berdasarkan Fakta",10
Apa tujuan dibuatnya teks laporan hasil observasi? Jelaskan secara sederhana.,tujuannya adalah = tujuan LHO adalah memberikan informasi faktual tentang suatu objek pengamatan agar pembaca memahami objek tsb dg jelas dan akurat,10
Jelaskan apa yang dimaksud dengan teks anekdot menurut pemahamanmu.,"teks anekdot adalah = cerita singkat yg lucu / menyindir, baisanya berkaitan dg kejadian nyata, mengandung pesan / kritik",10
Sebutkan dua ciri yang selalu ada dalam teks anekdot.,"mengandung humor/sindiran, berdasarkan kejadian yg hampir nyata",10
Sebutkan struktur teks anekdot dan jelaskan secara singkat setiap bagiannya.,"Abstrak, Orientasi, Krisi, Rekasi, Koda",5
Apa yang dimaksud dengan hikayat? Jelaskan dengan bahasamu sendiri.,"Hikayat adalah = cerita klasik yg berisi tentang tokoh hebat. Biasanya penuh kejadian, dan bertujuan memberikan pelajaran oral / hiburan",10
Sebutkan tiga ciri khas hikayat sebagai karya sastra lama.,"menagndung unsur fantastik / ajaib, cerita berlatarkan kejadian, bersifat turun temurun",10
Sebutkan struktur umum hikayat dan jelaskan fungsi masing-masing bagian.,"tema, tokoh dan penokohanm alur, latar, amanat",10
"Dari ketiga jenis teks (LHO, Anekdot, Hikayat), pilih salah satu dan jelaskan pesan atau nilai yang biasanya ingin disampaikan penulis melalui teks tersebut, berdasarkan pemahamanmu","mengaanalisis teks pesan, tentang nilai moral, krisis sosial, informasi penting, pelajaran hidup yang ingin disampaikan oleh pneulis",10
Jelaskan dengan bahasamu sendiri apa yang dimaksud dengan Teks Laporan Hasil Observasi!,teks laporan observasi yoiku teks kang dijelasake tentang nopo mawo teng teks niku enten unsur latar lan suara,0
Sebutkan tiga ciri utama dari Teks Laporan Hasil Observasi!,"alur, cerita, tema , gambaran",0
Apa tujuan dibuatnya teks laporan hasil observasi? Jelaskan secara sederhana.,Tujuan dibuatkan tek observasi adalah agar di pahami dan cepat di lakukan,0
Jelaskan apa yang dimaksud dengan teks anekdot menurut pemahamanmu.,anekdot yaitu sebah laporan yang tidak pasti tapi dapat di pahami,0
Sebutkan dua ciri yang selalu ada dalam teks anekdot.,"Tulisan ,kejelasan",0
Sebutkan struktur teks anekdot dan jelaskan secara singkat setiap bagiannya.,"Tulisan= setiap tek pasti memiliki tulisan maka perjelas tulisan dari teks anekdot, tampilan menjadi lebih berkreasi",0
Apa yang dimaksud dengan hikayat? Jelaskan dengan bahasamu sendiri.,hikayat yoikuteks dasar seng gampang dijelasne. Kojok ape cerito nagnggo teks ikid adi lebih gampang,0
Sebutkan tiga ciri khas hikayat sebagai karya sastra lama.,"crita lama tentang apa saja, kejelasan biar semakin jelas",0
Sebutkan struktur umum hikayat dan jelaskan fungsi masing-masing bagian.,"pembicara = menjelaskan alur laurnya,
penulis = halus lebih jelas dan ditail",0
"Dari ketiga jenis teks (LHO, Anekdot, Hikayat), pilih salah satu dan jelaskan pesan atau nilai yang biasanya ingin disampaikan penulis melalui teks tersebut, berdasarkan pemahamanmu",Hikayat harus lebih teliti lagi agar semua dpaat memahami apa yang seharusnya dipahami,0
