mapel,soal,jawaban,keterangan,skor
bahasa indonesia,apa tujuan dibuatnya teks laporan hasil observasi jelaskan secara sederhana,untuk menyajikan informasi data dan fakta secara objektif tentang suatu objek atau fenomena,jawaban siswa,10
bahasa indonesia,apa tujuan dibuatnya teks laporan hasil observasi jelaskan secara sederhana,tujuannya untuk melaporkan hasil pengamatan secara sistematis agar dapat dipahami dan digunakan sebagai landasan tindakan pemikiran lebih lanjut,jawaban siswa,8
bahasa indonesia,apa tujuan dibuatnya teks laporan hasil observasi jelaskan secara sederhana,tujuan dibuatnya teks lho adalah untuk menjelaskan informasi bedasarkan aoa yang diamati secara langsung,jawaban siswa,10
bahasa indonesia,apa tujuan dibuatnya teks laporan hasil observasi jelaskan secara sederhana,untuk mendapatkan informasi,jawaban siswa,10
bahasa indonesia,apa tujuan dibuatnya teks laporan hasil observasi jelaskan secara sederhana,menyampaikan fakta hasil pengamatan,jawaban siswa,10
bahasa indonesia,apa tujuan dibuatnya teks laporan hasil observasi jelaskan secara sederhana,memberikan informasi yang akurat tntang objek yang diteliti amati,jawaban siswa,10
bahasa indonesia,apa tujuan dibuatnya teks laporan hasil observasi jelaskan secara sederhana,untuk menyampaikan informasi akurat dan terpercaya tentang objek yang di amati kepada pembaca,jawaban siswa,10
bahasa indonesia,apa tujuan dibuatnya teks laporan hasil observasi jelaskan secara sederhana,menyampaikan fakta hasil pengamatan,jawaban siswa,5
bahasa indonesia,apa tujuan dibuatnya teks laporan hasil observasi jelaskan secara sederhana,untuk menjelaskan suatu benda peristiwa,jawaban siswa,0
bahasa indonesia,apa tujuan dibuatnya teks laporan hasil observasi jelaskan secara sederhana,untuk melaporkan hasil pengamtaan secara sistematis agar dapat di pahami dan digunakan sebagai landasan untuk tindakan pemahaman lebih,jawaban siswa,10
bahasa indonesia,apa tujuan dibuatnya teks laporan hasil observasi jelaskan secara sederhana,menunjukan cara bagaimana atau mamahami teks observasi,jawaban siswa,10
bahasa indonesia,apa tujuan dibuatnya teks laporan hasil observasi jelaskan secara sederhana,tujuannya di buatnya lho untuk melaporkan hasil pengamatan secara sistematis agar dapat di pahami dan di gunakan sebagai landasan untuk tindakan atau pemahaman lebih lanjut,jawaban siswa,10
bahasa indonesia,apa tujuan dibuatnya teks laporan hasil observasi jelaskan secara sederhana,membicarakan hal sesuatu,jawaban siswa,10
bahasa indonesia,apa tujuan dibuatnya teks laporan hasil observasi jelaskan secara sederhana,memberikan informasi menganalisis mengevaluasi,jawaban siswa,10
bahasa indonesia,apa tujuan dibuatnya teks laporan hasil observasi jelaskan secara sederhana,menceritakan hasil observasi itu,jawaban siswa,10
bahasa indonesia,apa tujuan dibuatnya teks laporan hasil observasi jelaskan secara sederhana,menyampaikan fakta hasil pengamatan,jawaban siswa,5
bahasa indonesia,apa tujuan dibuatnya teks laporan hasil observasi jelaskan secara sederhana,tujuan teks laporan hasil observasi adalah untuk menyampaikan informasi faktual tentang suatu objek atau peristiwa,jawaban siswa,10
bahasa indonesia,apa tujuan dibuatnya teks laporan hasil observasi jelaskan secara sederhana,agar untuk memahami suatu objek secara faktual akurat dan sistematis,jawaban siswa,0
bahasa indonesia,apa tujuan dibuatnya teks laporan hasil observasi jelaskan secara sederhana,agar dapat mengetahui laporan hasil observasi dengna rinci,jawaban siswa,10
bahasa indonesia,apa tujuan dibuatnya teks laporan hasil observasi jelaskan secara sederhana,menyampaikan fakta hasil pengamatan,jawaban siswa,10
bahasa indonesia,apa tujuan dibuatnya teks laporan hasil observasi jelaskan secara sederhana,agar memberikan informasi faktual tentang suatu objek pengamatan,jawaban siswa,10
bahasa indonesia,apa tujuan dibuatnya teks laporan hasil observasi jelaskan secara sederhana,agar dapat mengenali benda asing,jawaban siswa,0
bahasa indonesia,apa yang dimaksud dengan hikayat jelaskan dengan bahasamu sendiri,cerita klasik yang berisi tentang tokoh hebat biasanya banyak kejadian,jawaban siswa,10
bahasa indonesia,apa yang dimaksud dengan hikayat jelaskan dengan bahasamu sendiri,gambar yang berbentuk prosa dan mengalami peristiwa dahulu karya sastra lama,jawaban siswa,10
bahasa indonesia,apa yang dimaksud dengan hikayat jelaskan dengan bahasamu sendiri,hikayat adalah karya sastra mlayu klasik hikayat termasuk kedalam teks cerita rakyat juga cerita perkaan berisi cerita sisilah udd yang bersifat sejarah keagamaan dan dan lain lain,jawaban siswa,10
bahasa indonesia,apa yang dimaksud dengan hikayat jelaskan dengan bahasamu sendiri,cerita pendek yang mengunakan bahasa melayu menceritakan pertualangan pahlamawan,jawaban siswa,10
bahasa indonesia,apa yang dimaksud dengan hikayat jelaskan dengan bahasamu sendiri,salah satu bentuk karya sastra,jawaban siswa,0
bahasa indonesia,apa yang dimaksud dengan hikayat jelaskan dengan bahasamu sendiri,crita tradisional tentang tokoh luar biasah dengan unsur fantasi,jawaban siswa,0
bahasa indonesia,apa yang dimaksud dengan hikayat jelaskan dengan bahasamu sendiri,texs hikayat adalah dimana seseorang menceritakan dongeng jaman dulu,jawaban siswa,10
bahasa indonesia,apa yang dimaksud dengan hikayat jelaskan dengan bahasamu sendiri,karya sastra melayi lama berbentuk prosa yang berisi cerita undang undang atau silsilah,jawaban siswa,10
bahasa indonesia,apa yang dimaksud dengan hikayat jelaskan dengan bahasamu sendiri,hikayat cerita tradisional tentang tokoh luar biasanya dengan unsur fantasi,jawaban siswa,10
bahasa indonesia,apa yang dimaksud dengan hikayat jelaskan dengan bahasamu sendiri,hikayat adalah karya sastra klasik melayu hikayat juga termasuk ke dalam cerita rakyat cerita kraan cerita silsilah udd bersifat keagamaan dan dan lain lain,jawaban siswa,10
bahasa indonesia,apa yang dimaksud dengan hikayat jelaskan dengan bahasamu sendiri,menjelaskan suatu penemuan lama dan di jelaskan penerima lama itu dengan secara detail,jawaban siswa,10
bahasa indonesia,apa yang dimaksud dengan hikayat jelaskan dengan bahasamu sendiri,hikayat adalah teks berisi cerita laman atau fiksi yang menggunakan bahasa melayu lama,jawaban siswa,10
bahasa indonesia,apa yang dimaksud dengan hikayat jelaskan dengan bahasamu sendiri,teks yang berisi tentang aneka lucu serta pelajaran penting,jawaban siswa,10
bahasa indonesia,apa yang dimaksud dengan hikayat jelaskan dengan bahasamu sendiri,hikayat cerita tradisional tentang tokoh luar biasanya dengan unsur fantasi,jawaban siswa,0
bahasa indonesia,apa yang dimaksud dengan hikayat jelaskan dengan bahasamu sendiri,cerita tradisional tentang tokoh luar biasa dengan unsur positif,jawaban siswa,10
bahasa indonesia,apa yang dimaksud dengan hikayat jelaskan dengan bahasamu sendiri,muslim,jawaban siswa,10
bahasa indonesia,apa yang dimaksud dengan hikayat jelaskan dengan bahasamu sendiri,adalah karya sastra prosa melayu lama yang berisi cerita undang undang yang bersifat keagamaan rekaan dan historis,jawaban siswa,10
bahasa indonesia,apa yang dimaksud dengan hikayat jelaskan dengan bahasamu sendiri,hikayat adalah cerita klasik yang berisi tentang tokoh hebat biasanya banyak kejadian,jawaban siswa,10
bahasa indonesia,apa yang dimaksud dengan hikayat jelaskan dengan bahasamu sendiri,hikayat merupakan karya sastra melayu klasik berupa prosa,jawaban siswa,10
bahasa indonesia,apa yang dimaksud dengan hikayat jelaskan dengan bahasamu sendiri,hikayat adalah karya sastra lama yang berisi cerita tntang tokoh tokoh sprti raja putri dan lain lain,jawaban siswa,10
bahasa indonesia,apa yang dimaksud dengan hikayat jelaskan dengan bahasamu sendiri,karya satra lama berbentuk prosa yang berisi cerita kehidupan tokoh dengan unsur keajaiban,jawaban siswa,10
bahasa indonesia,apa yang dimaksud dengan hikayat jelaskan dengan bahasamu sendiri,karya satsra lama mlayu berbentuk prosa yang berisi cerita,jawaban siswa,10
bahasa indonesia,dari ketiga jenis teks lho anekdot hikayat pilih salah satu dan jelaskan pesan atau nilai yang biasanya ingin disampaikan penulis melalui teks tersebut berdasarkan pemahamanmu,lho agar lebih mudah dalam meneliti mendeskripsikan,jawaban siswa,0
bahasa indonesia,dari ketiga jenis teks lho anekdot hikayat pilih salah satu dan jelaskan pesan atau nilai yang biasanya ingin disampaikan penulis melalui teks tersebut berdasarkan pemahamanmu,lho adalah secara singkat pengertian teks yang berisi penjabaran umum pesan yang biasanya di sampaikan penulis ialah objek sistematis bahasa baku ilmiah,jawaban siswa,10
bahasa indonesia,dari ketiga jenis teks lho anekdot hikayat pilih salah satu dan jelaskan pesan atau nilai yang biasanya ingin disampaikan penulis melalui teks tersebut berdasarkan pemahamanmu,hikayat karena menceritakkan kisah kisah jaman dulu,jawaban siswa,0
bahasa indonesia,dari ketiga jenis teks lho anekdot hikayat pilih salah satu dan jelaskan pesan atau nilai yang biasanya ingin disampaikan penulis melalui teks tersebut berdasarkan pemahamanmu,penulis dapat mengirim pesan berupa pujian kritikan dengan hal lucu dan sarkas kepada siapa saja,jawaban siswa,10
bahasa indonesia,dari ketiga jenis teks lho anekdot hikayat pilih salah satu dan jelaskan pesan atau nilai yang biasanya ingin disampaikan penulis melalui teks tersebut berdasarkan pemahamanmu,nilai moral nilai budaya nilai sosial,jawaban siswa,0
bahasa indonesia,dari ketiga jenis teks lho anekdot hikayat pilih salah satu dan jelaskan pesan atau nilai yang biasanya ingin disampaikan penulis melalui teks tersebut berdasarkan pemahamanmu,untuk memikir sesuatu,jawaban siswa,10
bahasa indonesia,dari ketiga jenis teks lho anekdot hikayat pilih salah satu dan jelaskan pesan atau nilai yang biasanya ingin disampaikan penulis melalui teks tersebut berdasarkan pemahamanmu,lho menceritakan suatu cerita yang dibuat,jawaban siswa,10
bahasa indonesia,dari ketiga jenis teks lho anekdot hikayat pilih salah satu dan jelaskan pesan atau nilai yang biasanya ingin disampaikan penulis melalui teks tersebut berdasarkan pemahamanmu,hikayat karean menceritakan kisah kisah jaman dulu,jawaban siswa,10
bahasa indonesia,dari ketiga jenis teks lho anekdot hikayat pilih salah satu dan jelaskan pesan atau nilai yang biasanya ingin disampaikan penulis melalui teks tersebut berdasarkan pemahamanmu,teks anekdot menyampaikan pesan kritikan sindiran yang disampaikan penulis lewat cerita humoris lelucon,jawaban siswa,10
bahasa indonesia,dari ketiga jenis teks lho anekdot hikayat pilih salah satu dan jelaskan pesan atau nilai yang biasanya ingin disampaikan penulis melalui teks tersebut berdasarkan pemahamanmu,teks anekdok pesan yang disampaikan jangan bersikap tidak adil di hadapan publik,jawaban siswa,10
bahasa indonesia,dari ketiga jenis teks lho anekdot hikayat pilih salah satu dan jelaskan pesan atau nilai yang biasanya ingin disampaikan penulis melalui teks tersebut berdasarkan pemahamanmu,lho jangan buang sampah sembarangan karena menyebabkan banjir,jawaban siswa,0
bahasa indonesia,dari ketiga jenis teks lho anekdot hikayat pilih salah satu dan jelaskan pesan atau nilai yang biasanya ingin disampaikan penulis melalui teks tersebut berdasarkan pemahamanmu,pembahasan jurusan menggunakan bhs baku secara sistem,jawaban siswa,0
bahasa indonesia,dari ketiga jenis teks lho anekdot hikayat pilih salah satu dan jelaskan pesan atau nilai yang biasanya ingin disampaikan penulis melalui teks tersebut berdasarkan pemahamanmu,poin utama kelebihan dan kesetiaan terhadap tanah air,jawaban siswa,0
bahasa indonesia,dari ketiga jenis teks lho anekdot hikayat pilih salah satu dan jelaskan pesan atau nilai yang biasanya ingin disampaikan penulis melalui teks tersebut berdasarkan pemahamanmu,nilai moral krisis sosial informasi penting pelajaran hidup yang ingin disampaikan si penulis,jawaban siswa,0
bahasa indonesia,dari ketiga jenis teks lho anekdot hikayat pilih salah satu dan jelaskan pesan atau nilai yang biasanya ingin disampaikan penulis melalui teks tersebut berdasarkan pemahamanmu,nilai moral krisis sosial informasi penting pelajaran hidup yang disampaikan si penulis,jawaban siswa,0
bahasa indonesia,dari ketiga jenis teks lho anekdot hikayat pilih salah satu dan jelaskan pesan atau nilai yang biasanya ingin disampaikan penulis melalui teks tersebut berdasarkan pemahamanmu,lho berisi fakta kenyataan karena tidak buatan dan penyampaian yang di beri berakurat atau tidak bohong dan tidak fiksi di buat buat,jawaban siswa,10
bahasa indonesia,jelaskan apa yang dimaksud dengan teks anekdot menurut pemahamanmu,teks anekdot cerita singkat yang lucu atau menyindir,jawaban siswa,10
bahasa indonesia,jelaskan apa yang dimaksud dengan teks anekdot menurut pemahamanmu,teks berisi cerita singkat,jawaban siswa,0
bahasa indonesia,jelaskan apa yang dimaksud dengan teks anekdot menurut pemahamanmu,cerita singkat yang lucu dan mengsankan biasanya berdasarkan kejadian nyata,jawaban siswa,10
bahasa indonesia,jelaskan apa yang dimaksud dengan teks anekdot menurut pemahamanmu,cerita pendek yang lucu sekaligus menyindir,jawaban siswa,10
bahasa indonesia,jelaskan apa yang dimaksud dengan teks anekdot menurut pemahamanmu,teks anekdot teks yang menjelaskan tentang kritikan pesan moral,jawaban siswa,10
bahasa indonesia,jelaskan apa yang dimaksud dengan teks anekdot menurut pemahamanmu,cerita pendek yang lucu sekaligus menyindir,jawaban siswa,10
bahasa indonesia,jelaskan apa yang dimaksud dengan teks anekdot menurut pemahamanmu,cerita singkat yang berisi pujian keritikan pada suatu perilaku kebijakan dengna cara menghibur dan tetap ada pesan moralnya,jawaban siswa,10
bahasa indonesia,jelaskan apa yang dimaksud dengan teks anekdot menurut pemahamanmu,texs anexdot adalah dimana orang menjelaskan secara rinci dan tieliti,jawaban siswa,10
bahasa indonesia,jelaskan apa yang dimaksud dengan teks anekdot menurut pemahamanmu,teks laporan,jawaban siswa,10
bahasa indonesia,jelaskan apa yang dimaksud dengan teks anekdot menurut pemahamanmu,cerita pendek yang lucu sekaligus menyindir,jawaban siswa,10
bahasa indonesia,jelaskan apa yang dimaksud dengan teks anekdot menurut pemahamanmu,teks anekdot adalah tulisan singkat berisi cerita lucu sindiran,jawaban siswa,10
bahasa indonesia,jelaskan apa yang dimaksud dengan teks anekdot menurut pemahamanmu,teks anekdot adalah tujuan singkat berisi cerita lucu sindiran,jawaban siswa,10
bahasa indonesia,jelaskan apa yang dimaksud dengan teks anekdot menurut pemahamanmu,menjelaskan suatu pemohonan,jawaban siswa,10
bahasa indonesia,jelaskan apa yang dimaksud dengan teks anekdot menurut pemahamanmu,cerita singkat yang bersifat lucu menyindir biasanya digunakan mengeritik perilaku kebijakan atau keadaan tertentu,jawaban siswa,10
bahasa indonesia,jelaskan apa yang dimaksud dengan teks anekdot menurut pemahamanmu,teks anekdot adalah teks yang berupa hiburan dan ada mengandung sedikit sindiran,jawaban siswa,10
bahasa indonesia,jelaskan apa yang dimaksud dengan teks anekdot menurut pemahamanmu,adalah cerita singkat yang berisi pujian kritikan pada suatu prilaku kebijakan dengan cara menghibur dan ttp ada pesan moralnya,jawaban siswa,10
bahasa indonesia,jelaskan apa yang dimaksud dengan teks anekdot menurut pemahamanmu,teks yang berisi cerita lucu,jawaban siswa,0
bahasa indonesia,jelaskan dengan bahasamu sendiri apa yang dimaksud dengan teks laporan hasil observasi,hasil teks observasi itu seperti teks deskripsi dengan mencatat sebuah benda dengan rinci,jawaban siswa,10
bahasa indonesia,jelaskan dengan bahasamu sendiri apa yang dimaksud dengan teks laporan hasil observasi,lho singkatan dari laporan hasil observasi lho merupakan laporan yang berisi hasil pengamatan terhadap suatu objek,jawaban siswa,10
bahasa indonesia,jelaskan dengan bahasamu sendiri apa yang dimaksud dengan teks laporan hasil observasi,laporan hasill pengamatan yang mencatat secara fakta berdasarkan objektif dan strukturnya,jawaban siswa,10
bahasa indonesia,jelaskan dengan bahasamu sendiri apa yang dimaksud dengan teks laporan hasil observasi,teks yang untuk menyampaikan hasil laporan,jawaban siswa,10
bahasa indonesia,jelaskan dengan bahasamu sendiri apa yang dimaksud dengan teks laporan hasil observasi,teks lho adalah teks laporan observasi menjelaskan arti umum dari suatu objek hasil pengamatan langsung,jawaban siswa,10
bahasa indonesia,jelaskan dengan bahasamu sendiri apa yang dimaksud dengan teks laporan hasil observasi,teks lho adalah teks yang kita tulis dari melihat atau menonton suatu seperti hewan tumbuhan atau penjelasan secara rinci,jawaban siswa,10
bahasa indonesia,jelaskan dengan bahasamu sendiri apa yang dimaksud dengan teks laporan hasil observasi,teks yang mnjelaskan laporan yang berisi hasi pengamatan suatu objek tempat hewan tumbuhan d prsitiwa secara nyata,jawaban siswa,10
bahasa indonesia,jelaskan dengan bahasamu sendiri apa yang dimaksud dengan teks laporan hasil observasi,adalah teks yang berisi laporan hasil dari pengamatan observasi,jawaban siswa,10
bahasa indonesia,jelaskan dengan bahasamu sendiri apa yang dimaksud dengan teks laporan hasil observasi,teks yang berisi penjabaran umum dan laporan hasil pengamatan yang sistematis terhadap suatu objek benda hewan tumbuhan fenomena alam dan dan lain lain,jawaban siswa,10
bahasa indonesia,jelaskan dengan bahasamu sendiri apa yang dimaksud dengan teks laporan hasil observasi,teks observasi adalah teks laporan yang deskripsi nya berurutan seperti teks tutorial atau cara,jawaban siswa,10
bahasa indonesia,jelaskan dengan bahasamu sendiri apa yang dimaksud dengan teks laporan hasil observasi,berbicara sopan santun,jawaban siswa,10
bahasa indonesia,jelaskan dengan bahasamu sendiri apa yang dimaksud dengan teks laporan hasil observasi,teks yang menggunakan bahasa baku,jawaban siswa,0
bahasa indonesia,jelaskan dengan bahasamu sendiri apa yang dimaksud dengan teks laporan hasil observasi,teks laporan hasil observasi adalah teks yang kita tulis dari melihat atau menonton sesuatu seperti hewan tumbuhan dsb atau penjelasan secara rinci,jawaban siswa,10
bahasa indonesia,jelaskan dengan bahasamu sendiri apa yang dimaksud dengan teks laporan hasil observasi,lho singkat dari laporan hasi observasi lho merupakan laporan yang berisi hasi pengamatan terhadap suatu objek peristiwa teks atau dokumen yang memaparkan data dan informasi yang diperoleh melalui kegiatan observasi,jawaban siswa,10
bahasa indonesia,jelaskan dengan bahasamu sendiri apa yang dimaksud dengan teks laporan hasil observasi,teks laporan observasi adalah dimana orang menulis cerita dengan sederhana tapi harus rinci,jawaban siswa,10
bahasa indonesia,jelaskan dengan bahasamu sendiri apa yang dimaksud dengan teks laporan hasil observasi,teks yang melaporkan sebuah hasil dari pengamatan observasi,jawaban siswa,10
bahasa indonesia,sebutkan dua ciri yang selalu ada dalam teks anekdot,cerita singkat humor,jawaban siswa,10
bahasa indonesia,sebutkan dua ciri yang selalu ada dalam teks anekdot,sindiran kritik,jawaban siswa,10
bahasa indonesia,sebutkan dua ciri yang selalu ada dalam teks anekdot,mengandung unsur himor kelucuan berfungsi sebagai kritik sindiran sindiran,jawaban siswa,10
bahasa indonesia,sebutkan dua ciri yang selalu ada dalam teks anekdot,humor yang mengkritik sindiran halus,jawaban siswa,10
bahasa indonesia,sebutkan dua ciri yang selalu ada dalam teks anekdot,karya sastra lama,jawaban siswa,10
bahasa indonesia,sebutkan dua ciri yang selalu ada dalam teks anekdot,mengandung humor berdasarkan kejadian yang hampir nyata,jawaban siswa,10
bahasa indonesia,sebutkan dua ciri yang selalu ada dalam teks anekdot,cerita singkat sindiran,jawaban siswa,10
bahasa indonesia,sebutkan dua ciri yang selalu ada dalam teks anekdot,cerita singkat humor,jawaban siswa,10
bahasa indonesia,sebutkan dua ciri yang selalu ada dalam teks anekdot,humor elemen lucu yang membuat cerit amenghibur cerita singkat narasi ringkasan yang menyampiakan pesan,jawaban siswa,10
bahasa indonesia,sebutkan dua ciri yang selalu ada dalam teks anekdot,mengandung unsur humor lelucon dan berfungsi sebagai kritik,jawaban siswa,10
bahasa indonesia,sebutkan dua ciri yang selalu ada dalam teks anekdot,cerita singkat sindiran,jawaban siswa,10
bahasa indonesia,sebutkan dua ciri yang selalu ada dalam teks anekdot,humor yang mnegeritik sindiran halus,jawaban siswa,10
bahasa indonesia,sebutkan dua ciri yang selalu ada dalam teks anekdot,cerita singkat humor,jawaban siswa,10
bahasa indonesia,sebutkan dua ciri yang selalu ada dalam teks anekdot,lucu kritik dan menyindir,jawaban siswa,10
bahasa indonesia,sebutkan dua ciri yang selalu ada dalam teks anekdot,laporan pehaman,jawaban siswa,10
bahasa indonesia,sebutkan dua ciri yang selalu ada dalam teks anekdot,mengandung kelucuan dan sindiran,jawaban kunci,10
bahasa indonesia,sebutkan dua ciri yang selalu ada dalam teks anekdot,mengandung unsur humor hal lucu memiliki unsur sindiran kritik,jawaban siswa,10
bahasa indonesia,sebutkan dua ciri yang selalu ada dalam teks anekdot,ciri ciri teks anekdot mengandung kejadian unik berupa kata sindiran lelucon,jawaban siswa,10
bahasa indonesia,sebutkan struktur teks anekdot dan jelaskan secara singkat setiap bagiannya,teks laporan hasil pesan atau nilai,jawaban siswa,10
bahasa indonesia,sebutkan struktur teks anekdot dan jelaskan secara singkat setiap bagiannya,abstrak pembuka dari sebuah cerita oreantasi menjelaskan latar tokoh dan situasi krisis bagian ini dari kejadian luka reaksi seorang tokoh memberikan respon koda penutup dari sebuah cerita,jawaban siswa,10
bahasa indonesia,sebutkan struktur teks anekdot dan jelaskan secara singkat setiap bagiannya,abstraksi gambaran krisis bagian inti,jawaban siswa,10
bahasa indonesia,sebutkan struktur teks anekdot dan jelaskan secara singkat setiap bagiannya,abstraksi pembuka menarik prhatian pmbaca orientasi memberikan latar blkng cerita krisis mnjdi inti cerita reaksi penyelesaian koda penutup,jawaban siswa,10
bahasa indonesia,sebutkan struktur teks anekdot dan jelaskan secara singkat setiap bagiannya,abstrak krisis koda orientasi rekasi,jawaban siswa,10
bahasa indonesia,sebutkan struktur teks anekdot dan jelaskan secara singkat setiap bagiannya,abstraksi pembuka cerita bagian awal yang memberikan gambaran umum orientasi bagian yang berfungsi untuk mengenalkan situasi reaksi tanggapan penyelesaian,jawaban siswa,10
bahasa indonesia,sebutkan struktur teks anekdot dan jelaskan secara singkat setiap bagiannya,abstrak orientasi krisis reaksi koda,jawaban siswa,10
bahasa indonesia,sebutkan struktur teks anekdot dan jelaskan secara singkat setiap bagiannya,berisi tentang hiburan dan sedikit berisi tentang sindiran ublik,jawaban siswa,10
bahasa indonesia,sebutkan struktur teks anekdot dan jelaskan secara singkat setiap bagiannya,abraksi pembuka cerita orientasi mengenalkan situasi dan tokoh kritik masalah atau kejadian reaksi penyelesaian koda penutup pesan,jawaban siswa,10
bahasa indonesia,sebutkan struktur teks anekdot dan jelaskan secara singkat setiap bagiannya,paragraf pembukaan paragraf menjelaskan cerita kejadian paragraf penutupan,jawaban siswa,10
bahasa indonesia,sebutkan struktur teks anekdot dan jelaskan secara singkat setiap bagiannya,abstraksi bagian pembuka yang memberi gambaran umum isi cerita biasanya untuk menarik perhatian prientasi bagian yang mengenalkan latar belakang seperti siapa tokohnya kapan dan dimana peristiwa terjadi krisis momen puncak konflik atau masalah yang membuat arti lucu dan reaksi tanggapan atau respon tokoh terhadap krisis seringkali disajikan dengan cara yang tidak terduga koda penutup cerita yang berisi kesimpulan pesan moral atau sindiran bagian bersikap opsional,jawaban siswa,10
bahasa indonesia,sebutkan struktur teks anekdot dan jelaskan secara singkat setiap bagiannya,abstrak gambaran umum orientasi menunjukkan latar belakang krisis puncak cerita yang berisi masala konflik reaksi tanggapan atau respon karakter krisis koda bagian penutup yang berisi kesimpulan,jawaban siswa,10
bahasa indonesia,sebutkan struktur teks anekdot dan jelaskan secara singkat setiap bagiannya,abstraksi sebagai pembuka dari sebuah cerita orientasi sebagai penjelasan latar tokoh dan situasi krisis sebagai bagian inti kejadian lucu reaksi seorang tokoh memberikan respon koda sebagai penutup dari sebuah cerita dan kesimpulan,jawaban siswa,10
bahasa indonesia,sebutkan struktur teks anekdot dan jelaskan secara singkat setiap bagiannya,abstraksi permulaan orientasi koda kesimpulan,jawaban siswa,10
bahasa indonesia,sebutkan struktur teks anekdot dan jelaskan secara singkat setiap bagiannya,artefak orientasi,jawaban siswa,0
bahasa indonesia,sebutkan struktur teks anekdot dan jelaskan secara singkat setiap bagiannya,abstrak pembuka dari sebuah cerita oreantasi menjelaskan latar tokoh dan situasi krisis bagian ini dari kejadian lucu koda penutup dari sebuah cerita,jawaban siswa,10
bahasa indonesia,sebutkan struktur teks anekdot dan jelaskan secara singkat setiap bagiannya,abstraksi orientasi krisis reaksi,jawaban siswa,8
bahasa indonesia,sebutkan struktur teks anekdot dan jelaskan secara singkat setiap bagiannya,abstraksi gambaran cerita orientasi latar cerita memperkenalkan tokoh tempat dan waktu krisis bagian inti cerita reaksi tanggapan koda penutup cerita,jawaban siswa,10
bahasa indonesia,sebutkan struktur umum hikayat dan jelaskan fungsi masing masing bagian,toa,jawaban siswa,10
bahasa indonesia,sebutkan struktur umum hikayat dan jelaskan fungsi masing masing bagian,abraksi areantasi kompinasi elavasi kode,jawaban siswa,10
bahasa indonesia,sebutkan struktur umum hikayat dan jelaskan fungsi masing masing bagian,abstraksi gambaran cerita orientasi latar cerita komplikasi bagian inti masalah evaluasi bagian pembenaran resolusi solusi dalam cerita koda penutup,jawaban siswa,10
bahasa indonesia,sebutkan struktur umum hikayat dan jelaskan fungsi masing masing bagian,tema tokoh alur latar amanat,jawaban siswa,0
bahasa indonesia,sebutkan struktur umum hikayat dan jelaskan fungsi masing masing bagian,objek orientasi pengenalan konplikasi konfik peristiwa resolusi penyelesaian kode penutupan,jawaban siswa,10
bahasa indonesia,sebutkan struktur umum hikayat dan jelaskan fungsi masing masing bagian,abstraksi orientasi komplikasi elaqsi koda,jawaban siswa,10
bahasa indonesia,sebutkan struktur umum hikayat dan jelaskan fungsi masing masing bagian,mengantar isi pristiwa pneutup,jawaban siswa,10
bahasa indonesia,sebutkan struktur umum hikayat dan jelaskan fungsi masing masing bagian,pengertian isi peristiwa penutup,jawaban siswa,10
bahasa indonesia,sebutkan struktur umum hikayat dan jelaskan fungsi masing masing bagian,abstraksi orientasi famlikasi eramlikasi revolusi koda,jawaban siswa,5
bahasa indonesia,sebutkan struktur umum hikayat dan jelaskan fungsi masing masing bagian,pengantar isi pristiwa penutup,jawaban siswa,0
bahasa indonesia,sebutkan struktur umum hikayat dan jelaskan fungsi masing masing bagian,mengantar isi peristiwa penutup,jawaban siswa,10
bahasa indonesia,sebutkan struktur umum hikayat dan jelaskan fungsi masing masing bagian,inspiratif,jawaban siswa,0
bahasa indonesia,sebutkan struktur umum hikayat dan jelaskan fungsi masing masing bagian,abstraksi orientasi komplikasi evaluasi resolusi koda,jawaban siswa,8
bahasa indonesia,sebutkan struktur umum hikayat dan jelaskan fungsi masing masing bagian,pendahuluan peristiwa penutup,jawaban kunci,10
bahasa indonesia,sebutkan struktur umum hikayat dan jelaskan fungsi masing masing bagian,mengantar isi peristiwa penting,jawaban siswa,0
bahasa indonesia,sebutkan struktur umum hikayat dan jelaskan fungsi masing masing bagian,bahasa melayu lama karas dan sosok pahlawan,jawaban siswa,10
bahasa indonesia,sebutkan struktur umum hikayat dan jelaskan fungsi masing masing bagian,abstraksi sebagai pembuka dari sebuah cerita oreantasi sebagai penjelasan latar tokoh dan situasi komflikasi sebagai permasalahan dari sebuah cerita evaluasi sebagai penyelesaian masalalu dari sebuah cerita koda sebagai penutup dari sebuah cerita,jawaban siswa,10
bahasa indonesia,sebutkan struktur umum hikayat dan jelaskan fungsi masing masing bagian,abstraksi oreantasi komplikasi evaluasi koda,jawaban siswa,10
bahasa indonesia,sebutkan tiga ciri khas hikayat sebagai karya sastra lama,tokoh istimewah mengandung unsur khayalan melayu klasik,jawaban siswa,10
bahasa indonesia,sebutkan tiga ciri khas hikayat sebagai karya sastra lama,bersifat instanisentres prlogis mengunakan bahasa melayu lama,jawaban siswa,10
bahasa indonesia,sebutkan tiga ciri khas hikayat sebagai karya sastra lama,tokoh sakti alur sederhana penuh keajaiban,jawaban kunci,10
bahasa indonesia,sebutkan tiga ciri khas hikayat sebagai karya sastra lama,mustahil istanasentris anonoim,jawaban siswa,10
bahasa indonesia,sebutkan tiga ciri khas hikayat sebagai karya sastra lama,adanya keajaiban tokohnya luar biasa,jawaban siswa,0
bahasa indonesia,sebutkan tiga ciri khas hikayat sebagai karya sastra lama,melukis,jawaban siswa,10
bahasa indonesia,sebutkan tiga ciri khas hikayat sebagai karya sastra lama,bersifat intanosantris tidak logis staris logis,jawaban siswa,10
bahasa indonesia,sebutkan tiga ciri khas hikayat sebagai karya sastra lama,mustahil istana santris anunim,jawaban siswa,0
bahasa indonesia,sebutkan tiga ciri khas hikayat sebagai karya sastra lama,menggunakan bahasa melayu lama bersifat istanafis atau pusat cerita beradi di lingkungan kerja pralogis atau banyak cerita yang tidak dapat diterima oleh akal,jawaban siswa,10
bahasa indonesia,sebutkan tiga ciri khas hikayat sebagai karya sastra lama,tokoh digambarkan luar biasa mengandung unsur keajaiban hal gaib brsifat istana,jawaban siswa,10
bahasa indonesia,sebutkan tiga ciri khas hikayat sebagai karya sastra lama,menggunakan bahasa melayu bersifat intonatif pratogis,jawaban siswa,10
bahasa indonesia,sebutkan tiga ciri khas hikayat sebagai karya sastra lama,mengandung unsur fantastis bersifat turun temurun cerita berdasarkan kejadian,jawaban siswa,5
bahasa indonesia,sebutkan tiga ciri khas hikayat sebagai karya sastra lama,menampilkan tokoh istimewa menggunakan bahasa melayu menggunakan unsur khayalan,jawaban siswa,0
bahasa indonesia,sebutkan tiga ciri khas hikayat sebagai karya sastra lama,mengandung unsur fantastis tokoh digambarkan luar biasa bertujuan menghibur pelajar moral,jawaban siswa,10
bahasa indonesia,sebutkan tiga ciri khas hikayat sebagai karya sastra lama,bersifat tentang sentris proogis tidak logis statis logis,jawaban siswa,10
bahasa indonesia,sebutkan tiga ciri khas hikayat sebagai karya sastra lama,mengandung unsur tethenik bersifat turun menurut berdasarkan kejadian,jawaban siswa,10
bahasa indonesia,sebutkan tiga ciri khas hikayat sebagai karya sastra lama,waktu penemuan usia karya itu,jawaban siswa,10
bahasa indonesia,sebutkan tiga ciri khas hikayat sebagai karya sastra lama,mengandung unsur khayal tokoh istimewa melayu klasik,jawaban siswa,0
bahasa indonesia,sebutkan tiga ciri utama dari teks laporan hasil observasi,ciri utama teks lho disusun secara struktur menggunakan bahasa baku dan ilmiah bersifat objektif,jawaban siswa,10
bahasa indonesia,sebutkan tiga ciri utama dari teks laporan hasil observasi,abstraksi,jawaban siswa,10
bahasa indonesia,sebutkan tiga ciri utama dari teks laporan hasil observasi,menggunakan bahasa yang baku menggunakan cara yang sistematis pembahasan,jawaban siswa,10
bahasa indonesia,sebutkan tiga ciri utama dari teks laporan hasil observasi,bersifat objek faktual menggunakan bahasa baku dan jelas,jawaban siswa,10
bahasa indonesia,sebutkan tiga ciri utama dari teks laporan hasil observasi,kata pembuka kata pentup tokoh tempat waktu,jawaban siswa,10
bahasa indonesia,sebutkan tiga ciri utama dari teks laporan hasil observasi,objektif sistematis kontrenatif,jawaban siswa,5
bahasa indonesia,sebutkan tiga ciri utama dari teks laporan hasil observasi,bersifat objektif disusun sistematis ditulis berdasarkan fakta,jawaban siswa,10
bahasa indonesia,sebutkan tiga ciri utama dari teks laporan hasil observasi,brsifat faktual bersifat objektif disajikan scara sistematis,jawaban siswa,10
bahasa indonesia,sebutkan tiga ciri utama dari teks laporan hasil observasi,fakta teratur dan jelas bahasa baku,jawaban siswa,10
bahasa indonesia,sebutkan tiga ciri utama dari teks laporan hasil observasi,bersifat objektif berdasarkan fakta disusun secara sistematis,jawaban siswa,10
bahasa indonesia,sebutkan tiga ciri utama dari teks laporan hasil observasi,tujuan untuk mendaat informasi berisi fakta menggunakan bahasa baku,jawaban siswa,10
bahasa indonesia,sebutkan tiga ciri utama dari teks laporan hasil observasi,berisi fakta menggunakan bahasa baku disusun teratur dan jelas,jawaban siswa,10
bahasa indonesia,sebutkan tiga ciri utama dari teks laporan hasil observasi,bersifat objektif penyusunan teks nya sistematis dan berdasarkan fakta hasil pengamatan,jawaban siswa,10
bahasa indonesia,sebutkan tiga ciri utama dari teks laporan hasil observasi,bersifat objektif disusun sistematis ditulis berdasarkan fakta,jawaban siswa,10
bahasa indonesia,sebutkan tiga ciri utama dari teks laporan hasil observasi,dimana kapan dan siapa,jawaban siswa,0
pendidikan agama islam,apa yang dimaksud dengan akhlaq mazmumah jelaskan dengan bahasamu sendiri,sifat tercela yang dilarang dalam islam,jawaban kunci,10
pendidikan agama islam,apa yang dimaksud dengan akhlaq mazmumah jelaskan dengan bahasamu sendiri,akhlaq mazmumah adalah perilaku buruk atau tercela yang harus dihindari oleh orang muslim karna dilarang oleh agama,jawaban siswa,10
pendidikan agama islam,apa yang dimaksud dengan akhlaq mazmumah jelaskan dengan bahasamu sendiri,akhlak mazmumah yaitu akhlak tercela atau perilaku buruk,jawaban siswa,10
pendidikan agama islam,apa yang dimaksud dengan akhlaq mazmumah jelaskan dengan bahasamu sendiri,ahlaq mazmumah adalah ahlaq yang tercela ahlaq yang tidak boleh ditiru,jawaban siswa,5
pendidikan agama islam,apa yang dimaksud dengan akhlaq mazmumah jelaskan dengan bahasamu sendiri,akhlak perilaku yang buruk yang tidak disukai diajari dalam sifat sifat buruk yang harus di hindari seseorang menjadi pribadi yang baik berkahlak mulia dan disukai allah dan manusia,jawaban siswa,10
pendidikan agama islam,apa yang dimaksud dengan akhlaq mazmumah jelaskan dengan bahasamu sendiri,tentang akhlak,jawaban siswa,0
pendidikan agama islam,apa yang dimaksud dengan akhlaq mazmumah jelaskan dengan bahasamu sendiri,akhlaq mahmuzah yaitu seperti perbuatan tercela contohnya seperti orang yang iri hati sombong,jawaban siswa,10
pendidikan agama islam,apa yang dimaksud dengan akhlaq mazmumah jelaskan dengan bahasamu sendiri,akhlak mazmumah adalah akhlak tercela akhlak yang jelek dan harus di hindari setiap orang muslim,jawaban siswa,10
pendidikan agama islam,apa yang dimaksud dengan akhlaq mazmumah jelaskan dengan bahasamu sendiri,karena seorang muslim harus berahlak dan mempunyai akal,jawaban siswa,0
pendidikan agama islam,apa yang dimaksud dengan akhlaq mazmumah jelaskan dengan bahasamu sendiri,ahlak mazmumah adalah perbuatan dan sikap kita terhadap orang lain seperti sombong terhadap orang lain iri dan berbohong,jawaban siswa,10
pendidikan agama islam,apa yang dimaksud dengan akhlaq mazmumah jelaskan dengan bahasamu sendiri,akhlak mazmumah adalah perilaku tercela seperti gaya foya foya riya sum ah hasad,jawaban siswa,10
pendidikan agama islam,apa yang dimaksud dengan akhlaq mazmumah jelaskan dengan bahasamu sendiri,akhlak mazmumah adalah akhlak tercela sejelek jeleknya akhlak yaitu akhlak mazmumah,jawaban siswa,10
pendidikan agama islam,apa yang dimaksud dengan akhlaq mazmumah jelaskan dengan bahasamu sendiri,dimana mana akhlak mazmumah ialah suatu yang sangat angkuh sombong itu dan suka berbohong,jawaban siswa,0
pendidikan agama islam,apa yang dimaksud dengan akhlaq mazmumah jelaskan dengan bahasamu sendiri,pola pikir tindakan dan perilaku tidak baik seperti foya foya riya sum ah takabbur dan hasat,jawaban siswa,10
pendidikan agama islam,jelaskan apa yang dimaksud dengan syu abul iman,cabang cabangnya iman untuk keyakinan,jawaban siswa,5
pendidikan agama islam,jelaskan apa yang dimaksud dengan syu abul iman,yang di maksud syuabul iman adalah cabang bagian sedangkan iman kepercayaan jadi artinya ialah cabang kepercayaan seorang muslim,jawaban siswa,10
pendidikan agama islam,jelaskan apa yang dimaksud dengan syu abul iman,adalah cabang cabang iman yang berjumlah,jawaban siswa,10
pendidikan agama islam,jelaskan apa yang dimaksud dengan syu abul iman,syu abul iman atau cabang cabang iman yaitu suatu hal yang di sukai allah dan di ridhoi oleh allah swt karena dpaat meningkatkan kualitas hidup seseorang dalam melakukan hal kebaikan,jawaban siswa,10
pendidikan agama islam,jelaskan apa yang dimaksud dengan syu abul iman,menyempurnakan iman,jawaban siswa,0
pendidikan agama islam,jelaskan apa yang dimaksud dengan syu abul iman,syu abul iman adlaah segala sesuatu hal yang dicintai dan diridhoi oleh allah swt dengan mengamalkan kebaikan dapat meningkatkan kualitas iman seorang mukmin,jawaban siswa,10
pendidikan agama islam,jelaskan apa yang dimaksud dengan syu abul iman,syu abul artinya cabang cabang dan iman adalah keyakinan makna arti dari syu abul iman ialah cabang cabangnya dari iman,jawaban siswa,10
pendidikan agama islam,jelaskan apa yang dimaksud dengan syu abul iman,syu abul iman adalah membantu orang orang muslim untuk memperbaiki kualitas hidupnya menjadi lebih baik,jawaban siswa,0
pendidikan agama islam,jelaskan apa yang dimaksud dengan syu abul iman,cabang cabang iman yang jumlahnya hal yang dicintai oleh allah ketika kita melakukan dan mendapat ridho allah,jawaban siswa,10
pendidikan agama islam,jelaskan apa yang dimaksud dengan syu abul iman,menyempurnakan iman,jawaban siswa,0
pendidikan agama islam,jelaskan apa yang dimaksud dengan syu abul iman,cabang cabang iman,jawaban siswa,5
pendidikan agama islam,jelaskan apa yang dimaksud dengan syu abul iman,syuabul artinya cabang bagian iman artinya keyakinan kepercayaan yaitu cabang cabang iman yang berkaitan dengan hati lisan dan anggota badan,jawaban siswa,10
pendidikan agama islam,jelaskan apa yang dimaksud dengan syu abul iman,syu abul artinya cabang atau bagian sedangkan iman artinya keyakinan bisa diartikan dengan meyakini di dalam,jawaban siswa,10
pendidikan agama islam,jelaskan apa yang dimaksud dengan syu abul iman,syu abul iman adalah sy abul yang berarti cabang cabang iman yang berarti keyakinan kepercayaan,jawaban siswa,10
pendidikan agama islam,jelaskan apa yang dimaksud dengan syu abul iman,syu abul iman merupakan cabang cabang iman,jawaban siswa,5
pendidikan agama islam,jelaskan apa yang dimaksud dengan syu abul iman,syu abul iman yaitu cabang cabang iman,jawaban siswa,5
pendidikan agama islam,jelaskan dengan bahasamu sendiri apa makna fastabiqul khoirot dan mengapa perintah ini penting dalam kehidupan seorang muslim,berlomba lomba dalam kebaikan menurut saya kita harus berlomba lomba kebaikan hingga kebaikan itu menjadi kunci masuknya jalan surga,jawaban siswa,10
pendidikan agama islam,jelaskan dengan bahasamu sendiri apa makna fastabiqul khoirot dan mengapa perintah ini penting dalam kehidupan seorang muslim,fastabiqul khairat ialah berlomba lomba dalam kebaikan perintah ini penting karna adanya berlomba dalam kebaikan kita berusaha semampu kita mendapatkan yang terbaik contohnya kita beribadah hafalan dsb,jawaban siswa,10
pendidikan agama islam,jelaskan dengan bahasamu sendiri apa makna fastabiqul khoirot dan mengapa perintah ini penting dalam kehidupan seorang muslim,fastabiqul khoirot yang artinya berlomba lomba dalam kebaikan bagi orang muslim ini penting karena jika sering melakukan kebaikan dan juga bermanfaat bagi orang lain maka kita akan di beri kan pahala yang cukup besar,jawaban siswa,10
pendidikan agama islam,jelaskan dengan bahasamu sendiri apa makna fastabiqul khoirot dan mengapa perintah ini penting dalam kehidupan seorang muslim,berlomba lomba dalam kebaikan karena berlomba lomba dalam kebaikan bisa menata hidup seseorang lebih baik,jawaban siswa,10
pendidikan agama islam,jelaskan dengan bahasamu sendiri apa makna fastabiqul khoirot dan mengapa perintah ini penting dalam kehidupan seorang muslim,allah memerintahkan manusia untuk berlomba lomba dalam hal kebaikan dan beramal saleh,jawaban siswa,10
pendidikan agama islam,jelaskan dengan bahasamu sendiri apa makna fastabiqul khoirot dan mengapa perintah ini penting dalam kehidupan seorang muslim,fastabiqul khoirot adalah berlomba lomba dalam kebaikan karena kebaikan ini menjadi sumber kerukunan ataupun ketenangan dan juga kita mendpatkan pahala,jawaban siswa,10
pendidikan agama islam,jelaskan dengan bahasamu sendiri apa makna fastabiqul khoirot dan mengapa perintah ini penting dalam kehidupan seorang muslim,berlomba lomba dalam kebaikan,jawaban siswa,5
pendidikan agama islam,jelaskan dengan bahasamu sendiri apa makna fastabiqul khoirot dan mengapa perintah ini penting dalam kehidupan seorang muslim,makna fastabiqul khairat adalah kebaikan yang dimaksud kebaikan adalah orang orang yang melakukan kebaikan akan mendapatkan suatu kaidah dari allah dan kita harus melakukannya,jawaban siswa,10
pendidikan agama islam,jelaskan dengan bahasamu sendiri apa makna fastabiqul khoirot dan mengapa perintah ini penting dalam kehidupan seorang muslim,makna nya adalah berlomba lomba dalam kebaikan karena fastabiqul khoirot merupakan perintah melakukan kebaikan dan merupakan suatu hal yang positif,jawaban siswa,10
pendidikan agama islam,jelaskan dengan bahasamu sendiri apa makna fastabiqul khoirot dan mengapa perintah ini penting dalam kehidupan seorang muslim,fastabiqul khoirot adalah bersungguh sungguh dalam melakukan amal baik berlomba lomba melakukan amal kebaikan iya karena dapat meningkatkan amal baik dan pahala yang diperoleh,jawaban siswa,10
pendidikan agama islam,jelaskan dengan bahasamu sendiri apa makna fastabiqul khoirot dan mengapa perintah ini penting dalam kehidupan seorang muslim,fastabiqul khoirot adalah erlomba lomba dalam mencari kebaikan artinya kita mencari kebaikan yang mendapatkan pahala dan rida allah danmengapa ini penting karena kita harus berbuat baik kepada sesama agar mendapat pahala,jawaban siswa,10
pendidikan agama islam,jelaskan dengan bahasamu sendiri apa makna fastabiqul khoirot dan mengapa perintah ini penting dalam kehidupan seorang muslim,berlomba lomba dalam hal kebaikan karena untuk saling tolong menolong sesama manusia peduli,jawaban siswa,10
pendidikan agama islam,jelaskan dengan bahasamu sendiri apa makna fastabiqul khoirot dan mengapa perintah ini penting dalam kehidupan seorang muslim,fastabiqul khoirut berlomba lomba dalam kebaikan karena perintah berlomba lomba dalam hal kebaikan itu penting dalam kehidupan seorang muslim karena kita harus berlomba lomba ke dalam hal kebaikan seperti berlomba lomba menolong teman yang kesusahan,jawaban siswa,10
pendidikan agama islam,jelaskan dengan bahasamu sendiri apa makna fastabiqul khoirot dan mengapa perintah ini penting dalam kehidupan seorang muslim,maknanya berlomba lomba dalam kebaikan penting karena agar dapat menciptakan rasa kebersamaan kerukunan dan tolong menolong sesama muslim,jawaban siswa,10
pendidikan agama islam,jelaskan dengan bahasamu sendiri apa makna fastabiqul khoirot dan mengapa perintah ini penting dalam kehidupan seorang muslim,beriman dan berbuat kebaikan berlomba lomba lah dalam hal kebaikan,jawaban siswa,10
pendidikan agama islam,jelaskan dengan bahasamu sendiri apa makna fastabiqul khoirot dan mengapa perintah ini penting dalam kehidupan seorang muslim,berlomba lomba dalam kebaikan karena melakukan kebaikan itu akan amal kita di akhirat,jawaban siswa,10
pendidikan agama islam,mengapa akhlak mazmumah seperti sombong iri atau suka berbohong sangat berbahaya jika dibiarkan,karena ahlaq mazmumah itu ahlaq yang buruk dan sikap dibiarkan anak anak orang remaja itu berani sama orang yang lebih tua tidak patut ditiru,jawaban siswa,10
pendidikan agama islam,mengapa akhlak mazmumah seperti sombong iri atau suka berbohong sangat berbahaya jika dibiarkan,karna jika dibiarkan sejak kecil maka akan terus menerus hingga dewasa dan jika memiliki sikap seperti iri suka berbohong maka tidak akan ada orang yang ingin berteman dengannya dan hidupnya pun tidak tenang,jawaban siswa,10
pendidikan agama islam,mengapa akhlak mazmumah seperti sombong iri atau suka berbohong sangat berbahaya jika dibiarkan,karena itu berdampak besar bagi kalangan kita terjadi pertukaran untuk perselisihan dan gampang menimbulkan berita hoax dan lain lain,jawaban siswa,10
pendidikan agama islam,mengapa akhlak mazmumah seperti sombong iri atau suka berbohong sangat berbahaya jika dibiarkan,karena jika di biarkan akan semakin menjadi jadi dan semakin sering melakukan sesuatu yang jelek dan di larang agama,jawaban siswa,10
pendidikan agama islam,mengapa akhlak mazmumah seperti sombong iri atau suka berbohong sangat berbahaya jika dibiarkan,merusak hubungan menghilangkan kepercayaan menimbulkan kebencian,jawaban kunci,10
pendidikan agama islam,mengapa akhlak mazmumah seperti sombong iri atau suka berbohong sangat berbahaya jika dibiarkan,karena jika kita memiliki sikap yang sombong iri suka berbohong itu termasuk sikap yang tercela,jawaban siswa,10
pendidikan agama islam,mengapa akhlak mazmumah seperti sombong iri atau suka berbohong sangat berbahaya jika dibiarkan,karena semua akhlak itu bisa membawa kita ke jalan yang tidak benar dan bisa membawa kite ke neraka,jawaban siswa,10
pendidikan agama islam,mengapa akhlak mazmumah seperti sombong iri atau suka berbohong sangat berbahaya jika dibiarkan,karna bisa saja terjadi pertukaran perselisihan diantara remaja seperti kita gampang timbulnya fitnah dan hoax dimana mana,jawaban siswa,10
pendidikan agama islam,mengapa akhlak mazmumah seperti sombong iri atau suka berbohong sangat berbahaya jika dibiarkan,jadi kita bagi umat umat islam tidak usah menerapkan akhlaq mazmumah di hidup kita dan di lingkungan kita para remaja,jawaban siswa,0
pendidikan agama islam,mengapa akhlak mazmumah seperti sombong iri atau suka berbohong sangat berbahaya jika dibiarkan,karena kan membuat dampak negatif kebiasaan buruk akan perilaku tercela seperti itu dan akan menambah banyak dosa,jawaban siswa,10
pendidikan agama islam,mengapa akhlak mazmumah seperti sombong iri atau suka berbohong sangat berbahaya jika dibiarkan,karena dapat membuat orang tersebut selalu mempunyai niat buruk kepada orang yang ia dengki,jawaban siswa,10
pendidikan agama islam,mengapa akhlak mazmumah seperti sombong iri atau suka berbohong sangat berbahaya jika dibiarkan,karena dapat merugikan orang lain dapat menciptakan terjadinya pitnah,jawaban siswa,10
pendidikan agama islam,mengapa akhlak mazmumah seperti sombong iri atau suka berbohong sangat berbahaya jika dibiarkan,karena kalo dibiarkan bisa menyebar ke keturunan kita atau ke temen,jawaban siswa,10
pendidikan agama islam,mengapa akhlak mazmumah seperti sombong iri atau suka berbohong sangat berbahaya jika dibiarkan,karena kalau sifat iri sombong suka berbohong dibiarkan akan trus menjadi jadi tidak akn bertobat berdampak negatif,jawaban siswa,10
pendidikan agama islam,mengapa akhlak mazmumah seperti sombong iri atau suka berbohong sangat berbahaya jika dibiarkan,iya karena sikap yang jelek tercela yang tidak di perbolehkan dalam islam dan dapat merugikan diri sendiri,jawaban siswa,10
pendidikan agama islam,mengapa akhlak mazmumah seperti sombong iri atau suka berbohong sangat berbahaya jika dibiarkan,jika dibiarkan akan terbiasa seperti itu,jawaban siswa,5
pendidikan agama islam,mengapa memahami syu abul iman dapat membantu seorang muslim memperbaiki kualitas hidupnya,dengan mnegetahui berbagai cabang iman kita jadi sadar mana sifat dan perilaku yang perlu di perbaiki sprt kejujuran disipllin sabar dan peduli,jawaban siswa,10
pendidikan agama islam,mengapa memahami syu abul iman dapat membantu seorang muslim memperbaiki kualitas hidupnya,karena ia sudah menerapkan syu abul iman di hidupnya dan dilingkungannya,jawaban siswa,0
pendidikan agama islam,mengapa memahami syu abul iman dapat membantu seorang muslim memperbaiki kualitas hidupnya,akan memperkuat keimannya menumbuhkan akhlak mulia dan menghindari kesyirikan,jawaban siswa,10
pendidikan agama islam,mengapa memahami syu abul iman dapat membantu seorang muslim memperbaiki kualitas hidupnya,karena di syu abul iman kita mengetahui memahami dan melakukan dari masing masing pengertian cabang cabang iman yang membuat sadar akan kebaikan perkataan dan niat yang kita lakukan,jawaban siswa,10
pendidikan agama islam,mengapa memahami syu abul iman dapat membantu seorang muslim memperbaiki kualitas hidupnya,karna jika kita mengetahui syu abul iman kita bisa meningkatkan keamanan kita dan membenahi sampai sempurnanya keimanan,jawaban siswa,10
pendidikan agama islam,mengapa memahami syu abul iman dapat membantu seorang muslim memperbaiki kualitas hidupnya,karena dengan memahami syuabul iman membuat iman kita menjadi lebih kuat menjadi lebih yakin dengan apapun yang diciptakan oleh allah dan menjauhkan kita dari hal hal yang negatif,jawaban siswa,10
pendidikan agama islam,mengapa memahami syu abul iman dapat membantu seorang muslim memperbaiki kualitas hidupnya,karena jika kita memahami syu abul iman kita diajarkan untuk baik dalam perkataan perbuatan maupun hati jika kita melaksanakan maka hidup kita jauh lebih baik,jawaban siswa,10
pendidikan agama islam,mengapa memahami syu abul iman dapat membantu seorang muslim memperbaiki kualitas hidupnya,karena dengan memahami syuabul iman kita akan bisa menjdai pribadi yang lebih baik rezeqi kita diluaskan yang awalnya hidup kita tidak berkualitas menjadi berkualitas karena kita mengimaninya,jawaban siswa,10
pendidikan agama islam,mengapa memahami syu abul iman dapat membantu seorang muslim memperbaiki kualitas hidupnya,karena di dalam syuabul iman terdapat kewajiban seseorang muslim yang harus dikerjakan tanpa terkecuali agar kita dapat menjadi seorang muslim yang baik,jawaban siswa,10
pendidikan agama islam,mengapa memahami syu abul iman dapat membantu seorang muslim memperbaiki kualitas hidupnya,karena di dalam syu abul iman terdapat petunjuk hidup yang baik perilaku yang baik,jawaban siswa,10
pendidikan agama islam,mengapa memahami syu abul iman dapat membantu seorang muslim memperbaiki kualitas hidupnya,karena syu abul iman juga dapat meningkatkan kualitas keimanan setiap orang dan dapat menumbuhkan rasa percaya terhadap allah swt dan salah satu cabang iman adalah malu,jawaban siswa,10
pendidikan agama islam,mengapa memahami syu abul iman dapat membantu seorang muslim memperbaiki kualitas hidupnya,karena jika kita beriman kepada allah kita tahu caranya bersyukur atas nikmat yang ia berikan,jawaban siswa,10
pendidikan agama islam,mengapa memahami syu abul iman dapat membantu seorang muslim memperbaiki kualitas hidupnya,karena dengan syuabul iman manusia akan berubah menjadi orang baik,jawaban siswa,10
pendidikan agama islam,mengapa memahami syu abul iman dapat membantu seorang muslim memperbaiki kualitas hidupnya,karena kita menjadi mengetahui kebaikan kebikan yang harus dilakukan meningkatkan kualitas ibadah dan akhlaq serta menjadi kebih taat dan berbuat kebaikan dalam kehidupan sehari hari,jawaban siswa,10
pendidikan agama islam,menurutmu apa dampak positif bagi masyarakat jika remaja membiasakan diri berlomba dalam kebaikan,dampaknya ialah dia menjadi lebih menolong orang yang membutuhkan dan dia menjadi lebih baik dan menjauhi larangan allah dan dia belajar mengenai berbuat baik dan menolong orang yang membutuhkan,jawaban siswa,10
pendidikan agama islam,menurutmu apa dampak positif bagi masyarakat jika remaja membiasakan diri berlomba dalam kebaikan,mendaoatkan kehidupan yang lebih baik pahala yang berlipat gandam terhindar dari hal hal negatif atau godaan setan aktifitas yang positif serta meraih kebahagiaan dunia dan akhirat,jawaban siswa,10
pendidikan agama islam,menurutmu apa dampak positif bagi masyarakat jika remaja membiasakan diri berlomba dalam kebaikan,mendapatkan pahala,jawaban siswa,0
pendidikan agama islam,menurutmu apa dampak positif bagi masyarakat jika remaja membiasakan diri berlomba dalam kebaikan,dampak dari positif berlomba dalam kebaikan sangatlah bagus bagi masyarakat dan remaja karena tidak akan ada y berbuat sembarang terhadap masyarakat,jawaban siswa,10
pendidikan agama islam,menurutmu apa dampak positif bagi masyarakat jika remaja membiasakan diri berlomba dalam kebaikan,peningkatan kualitas diri memanfaatkan waktu yang efektif,jawaban siswa,10
pendidikan agama islam,menurutmu apa dampak positif bagi masyarakat jika remaja membiasakan diri berlomba dalam kebaikan,mereka menjadi memiliki kebiasaan baik dan membawa dampak positif bagi masyarakat dan diri mereka sendiri selalu ber inisiatif untuk membantu masyarakat,jawaban siswa,10
pendidikan agama islam,menurutmu apa dampak positif bagi masyarakat jika remaja membiasakan diri berlomba dalam kebaikan,menciptakan kebiasaan yang baik menjadikan suatu seorang mempunyau waktu yang teratur dan memiliki tali silaturahmi yang sangat kuat,jawaban siswa,10
pendidikan agama islam,menurutmu apa dampak positif bagi masyarakat jika remaja membiasakan diri berlomba dalam kebaikan,terciptanya kebersamaan lingkungan yang lebih baik dan memperoleh pahala,jawaban siswa,10
pendidikan agama islam,menurutmu apa dampak positif bagi masyarakat jika remaja membiasakan diri berlomba dalam kebaikan,insyaallah akan menimbulkan ketentraman dan akan mendapatkan pahala serta dosa dosa akan diampuni dan akan jauh dari kata maksiat,jawaban siswa,10
pendidikan agama islam,menurutmu apa dampak positif bagi masyarakat jika remaja membiasakan diri berlomba dalam kebaikan,kehidupan di masyarakat menjadi tenang tentram dan rukun,jawaban siswa,10
pendidikan agama islam,menurutmu apa dampak positif bagi masyarakat jika remaja membiasakan diri berlomba dalam kebaikan,dampaknya adalah jika di masyarakat kita harus berlomba lomba dalam kebaikan dan dampaknya adalah masyarakat para remaja itu akan sadar sendirinya dan orang tua tidak akan mengingatkan lagi,jawaban siswa,10
pendidikan agama islam,menurutmu apa dampak positif bagi masyarakat jika remaja membiasakan diri berlomba dalam kebaikan,menjadi lebih tentram dan rukun karna tidak ada pertengkaran yang menimbulkan kerugian bagi masyarakat,jawaban siswa,10
pendidikan agama islam,menurutmu apa dampak positif bagi masyarakat jika remaja membiasakan diri berlomba dalam kebaikan,dampak positif nya ialah mereka mau berusaha dan berlomba dalam kebaikan untuk meningkatkan kualitas uman dan kebiasaan yang baik,jawaban siswa,10
pendidikan agama islam,menurutmu apa dampak positif bagi masyarakat jika remaja membiasakan diri berlomba dalam kebaikan,akan menciptakan lingkungan yang baik masyarakat akan merasa nyaman jika para remaja berlomba lomba dalam kebaikan karena sekarang kebanyakan para remaja mengonsumsi barang barang yang tidak halal oleh karen aitu kalau para remaja membiasakan diri menjauhinya dan berlomba lomba dalam kebaikan maka masyarakat semuanya akan tenang dan lingkungannya pun menjadi indah,jawaban siswa,10
pendidikan agama islam,menurutmu apa dampak positif bagi masyarakat jika remaja membiasakan diri berlomba dalam kebaikan,maka masyarakat akan damai tentram dan juga rukun,jawaban siswa,10
pendidikan agama islam,menurutmu apa dampak positif bagi masyarakat jika remaja membiasakan diri berlomba dalam kebaikan,menjadi orang yang lebih baik mempunyai kebiasaan yang baik kepribadian bagus,jawaban siswa,10
pendidikan agama islam,menurutmu apa dampak positif bagi masyarakat jika remaja membiasakan diri berlomba dalam kebaikan,terjalin nya tali persaudaraan tali silaturah i terjadi keharmonisan di masyarakat dan lain lain,jawaban siswa,10
pendidikan agama islam,pilih salah satu fastabiqul khoirot syu abul iman atau akhlaq mazmumah jelaskan bagaimana penerapan materi tersebut dapat memperbaiki suasana dan karakter siswa di sekolah,akhlaq mazmumah menanamkan nilai kejujuran dalam keseharian membangunkan disiplin melalui aturan yang konsisten menghargai usaha bukan hanya hasil mendorong kerjasama gotong royong,jawaban siswa,0
pendidikan agama islam,pilih salah satu fastabiqul khoirot syu abul iman atau akhlaq mazmumah jelaskan bagaimana penerapan materi tersebut dapat memperbaiki suasana dan karakter siswa di sekolah,rastabiqul khoirot adalah berbuat kebaikan,jawaban siswa,0
pendidikan agama islam,pilih salah satu fastabiqul khoirot syu abul iman atau akhlaq mazmumah jelaskan bagaimana penerapan materi tersebut dapat memperbaiki suasana dan karakter siswa di sekolah,fatabiqul khoirot penerapannya kita dapat menolong siswa yang kesusahan kalau dia butuh apa apa kita harus menolongnya jangan sampai tidak menolongnya,jawaban siswa,10
pendidikan agama islam,pilih salah satu fastabiqul khoirot syu abul iman atau akhlaq mazmumah jelaskan bagaimana penerapan materi tersebut dapat memperbaiki suasana dan karakter siswa di sekolah,akhlak mazmumah adalah akhlak tercela masing masing siswa pasti memiliki akhlak yang tercela yaitu seperti sombong iri dengki berbohong dan lain lain semua itu jika tidak dirubah maka akan membawa pengaruh buruk kepada mereka maka dengan seperti itu kita harus memilki kebiasaan baik dengan merubah sikap kita cara berbicara kita dan perilaku kita agar membawa dampak yang positif dan nyaman bagi kita lingkungan dan masyarakat,jawaban siswa,10
pendidikan agama islam,pilih salah satu fastabiqul khoirot syu abul iman atau akhlaq mazmumah jelaskan bagaimana penerapan materi tersebut dapat memperbaiki suasana dan karakter siswa di sekolah,fastabiqul khoirot berlomba dalam kebaikan ketika siswa fokus pada kebaikan maka dia tidak akan memikirkan hal tidak penting yang lain fokus belajar membnatu teman datang tepat waktu piket kelas dan lain lain akan membentuk pribadi yang rajin dan disiplin sehingga karakter siswa tersebut lebih baik,jawaban siswa,10
pendidikan agama islam,pilih salah satu fastabiqul khoirot syu abul iman atau akhlaq mazmumah jelaskan bagaimana penerapan materi tersebut dapat memperbaiki suasana dan karakter siswa di sekolah,fastabiqul khoirot karna kita harus berlomba lomba dalam kebaikan,jawaban siswa,10
pendidikan agama islam,pilih salah satu fastabiqul khoirot syu abul iman atau akhlaq mazmumah jelaskan bagaimana penerapan materi tersebut dapat memperbaiki suasana dan karakter siswa di sekolah,fastabiqul khoirot berlomba lomba dalam hal kebaikan karakter di sekolah seperti giat belajar belajar dengan bersungguh sungguh membantu teman yang kesulitan sama tugasnya,jawaban siswa,10
pendidikan agama islam,pilih salah satu fastabiqul khoirot syu abul iman atau akhlaq mazmumah jelaskan bagaimana penerapan materi tersebut dapat memperbaiki suasana dan karakter siswa di sekolah,fastabiqul khoirot berlomba lomba dalam kebaikan yaitu selalu melakukan kebaikan maka suasana dan karakter siswa akan menjadi baik dan selalu damai rukun satu sama lain kebaikan juga harus diterapkan dalam sehari hari agar mudah diterapkan bagi siswa,jawaban siswa,10
pendidikan agama islam,pilih salah satu fastabiqul khoirot syu abul iman atau akhlaq mazmumah jelaskan bagaimana penerapan materi tersebut dapat memperbaiki suasana dan karakter siswa di sekolah,jika kita menerapkan fastabiqul khoirot maka akan memperbaiki karakter dan suasana siswa di sekolah karena saling tolong menolong dan membantu sesama,jawaban siswa,10
pendidikan agama islam,pilih salah satu fastabiqul khoirot syu abul iman atau akhlaq mazmumah jelaskan bagaimana penerapan materi tersebut dapat memperbaiki suasana dan karakter siswa di sekolah,syu abul iman memperbaiki kulaitas hidupnya yang dulunya suka bolos dan sekarang rajin mengikuti kegiatan pelajaran dan perbuatan baik lainnya,jawaban siswa,10
pendidikan agama islam,pilih salah satu fastabiqul khoirot syu abul iman atau akhlaq mazmumah jelaskan bagaimana penerapan materi tersebut dapat memperbaiki suasana dan karakter siswa di sekolah,fastabiqul khoirot berlomba lomba dalam kebaikan sesuatu yang apabila kita kerjakan dengan cara berlomba lomba itu sangat baik,jawaban siswa,10
pendidikan agama islam,pilih salah satu fastabiqul khoirot syu abul iman atau akhlaq mazmumah jelaskan bagaimana penerapan materi tersebut dapat memperbaiki suasana dan karakter siswa di sekolah,fastabiqul khoirot dimana bisa membuat siswa lebih bagus lebih baik dan dimana sekolah akan bagus rapi dan indah jika siswa menerapkan fastabiqul khoirot,jawaban siswa,10
pendidikan agama islam,pilih salah satu fastabiqul khoirot syu abul iman atau akhlaq mazmumah jelaskan bagaimana penerapan materi tersebut dapat memperbaiki suasana dan karakter siswa di sekolah,akhlaq mazmumah dengan cara kita harus menjauhi akhlaq tercela seperti sombong iri dan sbg kita harus menjauhinya dan kita harus memberi tahu teman kita yang melakukan akhlaq mazmumah agar tidak melakukannya agar terjauh dari sifat tersebut kita harus belajar,jawaban siswa,10
pendidikan agama islam,pilih salah satu fastabiqul khoirot syu abul iman atau akhlaq mazmumah jelaskan bagaimana penerapan materi tersebut dapat memperbaiki suasana dan karakter siswa di sekolah,fastabiqul kharot yang artinya berlomba lomba dalam kebaikan jika seorang siswa dapat menerapkan suka menolong slalu melakukan hal kebaikan maka dia akan memiliki lingkungan yang harmonis dan tenang,jawaban siswa,10
pendidikan agama islam,pilih salah satu fastabiqul khoirot syu abul iman atau akhlaq mazmumah jelaskan bagaimana penerapan materi tersebut dapat memperbaiki suasana dan karakter siswa di sekolah,fastabiqul khoirot yaitu berlomba lomba dalam kebaikan siswa berlomba lomba dalam mendapatkan peringkat di kelasnya merupakan perilaku dala kebaikan mampu memperbaiki suasana dan karakter siswa di sekolah,jawaban siswa,10
pendidikan agama islam,pilih salah satu fastabiqul khoirot syu abul iman atau akhlaq mazmumah jelaskan bagaimana penerapan materi tersebut dapat memperbaiki suasana dan karakter siswa di sekolah,adanya pembiasaan kedisiplinan bertanggung jawab dalam hal apapun berahlak yang mulia jujur dimanapun kapanpun memiliki sikap mandiri berdiskusi mata pelajaran nilai siswa,jawaban siswa,10
pendidikan agama islam,pilih salah satu fastabiqul khoirot syu abul iman atau akhlaq mazmumah jelaskan bagaimana penerapan materi tersebut dapat memperbaiki suasana dan karakter siswa di sekolah,akhlak mazmumah karna sebaik baiknya orang akan hilang kebaikannya jika ditutupi oleh kesalahan tanpa mereka berfikir akan butuhnya mereka dan menyombongkan diri atas apa yang diperoleh cara memperbaiki akhlak mazmumah tersebut adalah kita saling terbuka saling mengapresiasi dan saling bertukar cerita agar tidak ada kesan sombong diantaranya karna dari sifat sombong tersebut bisa menimbulkan perkara permasalahan diantara kita,jawaban siswa,10
pendidikan agama islam,pilih salah satu fastabiqul khoirot syu abul iman atau akhlaq mazmumah jelaskan bagaimana penerapan materi tersebut dapat memperbaiki suasana dan karakter siswa di sekolah,fastabiqul khoirot yaitu berlomba lomba dalam kebaikan agar dapat menciptakan rasa kebersamaan kerukunan dan saling tolong menolong,jawaban siswa,10
pendidikan agama islam,pilih salah satu fastabiqul khoirot syu abul iman atau akhlaq mazmumah jelaskan bagaimana penerapan materi tersebut dapat memperbaiki suasana dan karakter siswa di sekolah,akhlaq mazmumah penerapannya adalah kita harus mengingatkan satu sama lain bahwa akhlaq mazmuah itu tidak pantas di contoh karena ahlak mazmumah adalah ahlaq yang tercela,jawaban siswa,10
pendidikan agama islam,pilih salah satu fastabiqul khoirot syu abul iman atau akhlaq mazmumah jelaskan bagaimana penerapan materi tersebut dapat memperbaiki suasana dan karakter siswa di sekolah,syu abul iman karena dapat membantu memperbaiki ahklak perilaku siswa,jawaban siswa,10
pendidikan agama islam,sebutkan lima cabang iman dan jelaskan makna salah satunya,iman kepada allah yaitu kita harus mematuhi dan menjalankan perintah allah iman malaikat yaitu kita harus mematuhi dan menjalankan perintah allah ima kitab kita harus menjaga kitab kitab yang diberikan kepada kita iman rosululah iman hari akhir,jawaban siswa,10
pendidikan agama islam,sebutkan lima cabang iman dan jelaskan makna salah satunya,jujur bersedekah amanah sholat berbakti pada orang tua sholat tidak menunda nunda dan menjalankan sunahnya,jawaban siswa,10
pendidikan agama islam,sebutkan lima cabang iman dan jelaskan makna salah satunya,ma riful bi qolbi kaulum bilisan a malun biarkan kaulun bilisan yaitu perilaku dalam lisan berbicara,jawaban siswa,10
pendidikan agama islam,sebutkan lima cabang iman dan jelaskan makna salah satunya,qoulu bil lisani diucapkan dengan lisan diniati dalam hati dilakukan dengan anggota badan,jawaban siswa,5
pendidikan agama islam,sebutkan lima cabang iman dan jelaskan makna salah satunya,iman kepada allah iman kepada rasul dan malaikat allah iman kepada kitab allah iman kepada qada dan qadar,jawaban siswa,10
pendidikan agama islam,sebutkan lima cabang iman dan jelaskan makna salah satunya,mengucapkan dua kalimat syahadat mendirikan sholat membayar zakat menjaga amanah bersikap jujur jujur berarti berkata dan bebruat sesuai dengan kenyataan tanpa menipu sehingga menumbuhkan kepercayaan orang lain,jawaban siswa,10
pendidikan agama islam,sebutkan lima cabang iman dan jelaskan makna salah satunya,jujur bersedekah sholat amanah berbakti pada orang tua jujur yang dimana kita semua berkata seadanya sesuai fakta tidak boleh ngomong di lebih lebih kan,jawaban siswa,10
pendidikan agama islam,sebutkan lima cabang iman dan jelaskan makna salah satunya,ma rifatun bi kalbi kaulun bi lisan amalin bi arkan makna dari amalun bi arkan adalah beriman dengan perbuatan yang baik,jawaban siswa,0
pendidikan agama islam,sebutkan lima cabang iman dan jelaskan makna salah satunya,iman kepada allah swt iman kepada malaikat iman kepada kitab kitab allah iman kepada rosul dan nabi iman kepada hari akhir,jawaban siswa,10
pendidikan agama islam,sebutkan lima cabang iman dan jelaskan makna salah satunya,iman kepada allah berdoa sholat waktu iman kepada kitab allah dan berdzikir makna dari berdzikir yaitu jika mengamalkannya akan mendapatkan pahala,jawaban siswa,10
pendidikan agama islam,sebutkan lima cabang iman dan jelaskan makna salah satunya,percaya kepada allah percaya kepada malaikat percaya kepada kitab percaya kepada rasul percaya kepada hari kiamat percaya kepada qada dan qadar,jawaban siswa,10
pendidikan agama islam,sebutkan lima cabang iman dan jelaskan makna salah satunya,beriman kepada allah beriman kepada malaikat beriman kepada rosul beriman kepada kitab beriman kepada hari kiamat makna iman kepada allah adalah meyakini adanya allah keesaan keagungan petolongan allah dan semua yang ada didunia ini beserta isinya adalah bentuk kekuasaan dan ciptaan allah,jawaban siswa,10
pendidikan agama islam,sebutkan lima cabang iman dan jelaskan makna salah satunya,iman kepada allah iman kepada malaikat iman kepada rasulullah iman kepada kitab kitab ima kepada qada dan qadar,jawaban siswa,10
pendidikan agama islam,sebutkan lima cabang iman dan jelaskan makna salah satunya,ma rifatun biqolbi qoulun billisan a malun biarkan ma rifatun biqolbi yang berkaitan dengan hati qoulun bil lisan yang berkaitan dengan perkataan lisan kita a malun biarkan yaitu yang berkaitan dengan amalan perbuatan yang kita contohkan,jawaban siswa,10
pendidikan agama islam,sebutkan lima cabang iman dan jelaskan makna salah satunya,iman kepada allah swt iman kepada malaikat iman kepada kitab kitab allah iman kepada rosul dan nabi iman kepada hari akhir,jawaban siswa,10
pendidikan agama islam,sebutkan lima cabang iman dan jelaskan makna salah satunya,ma rifatun bi qalbi yaitu beriman dengan hati qaulun bi lisan yaitu berbicara yang baik ma rifatun bi qalbi yaitu beriman dengan hati,jawaban siswa,10
pendidikan agama islam,sebutkan lima cabang iman dan jelaskan makna salah satunya,menghargai orang lain mengucapkan kalimat syahadat sholat bersikap jujur dan menepati janji bersikap jujur kejujuran adalah cabang iman yang paling penting krn menunjukkan kesucian hati ketulusan seseorang,jawaban siswa,10
pendidikan agama islam,sebutkan tiga contoh akhlaq mazmumah di kalangan remaja sekarang dan berikan contoh perilaku yang menggambarkannya,sombong iri suka berbohong contoh sombong memamerkan suatu barang mahal iri iri terhadap seseorang yang hodupnya enak berbohong terhadap orang tua soal hal memukul adek,jawaban siswa,10
pendidikan agama islam,sebutkan tiga contoh akhlaq mazmumah di kalangan remaja sekarang dan berikan contoh perilaku yang menggambarkannya,sombong iri pamer,jawaban siswa,10
pendidikan agama islam,sebutkan tiga contoh akhlaq mazmumah di kalangan remaja sekarang dan berikan contoh perilaku yang menggambarkannya,hasad contohnya iri kepada teman yang kaya riya contohnya berfoya foya membeli barang yang tidak perlu takabur contohnya sombong merasa paling pintar,jawaban siswa,10
pendidikan agama islam,sebutkan tiga contoh akhlaq mazmumah di kalangan remaja sekarang dan berikan contoh perilaku yang menggambarkannya,riya takabur dan hasad foya foya contoh sifat batin sombong ujib kagum pada diri sendiri iri dengki marah perbuatan lisan ghibah adu domba berbohong dendam riya ingin medapatkan pujian dari orang lain si a pamer dan ingin dipuji oleh si b takabur memiliki sifat sombong s doni mempunyai mobil baru dia pamer sombong dan memamerkannya ke si timo foya foya andi mendapatkan uang lebih dan dia ngerasa tisak butuh apa apa lalu dia bersenang senang dengan berfoya foya menghambur haburkan uang hasad dengki melihat orang yang lagi senang dia merasa iri dengki hati kenapa aku tidak bahagia,jawaban siswa,10
pendidikan agama islam,sebutkan tiga contoh akhlaq mazmumah di kalangan remaja sekarang dan berikan contoh perilaku yang menggambarkannya,riya apabila kita mempunyai amal banyak lalu di pamerkan kepada orang lain sombong membanggakan dirinya seperti kita dapat peringkat satu di kelas untuk jadi siswa yang paling aktif fi kelas lalu ia sombongkan kepada temannya untuk orang lain iri apabila teman kita mempunyai kelebihan terkait harta apapun ia iri kepada temannya,jawaban siswa,10
pendidikan agama islam,sebutkan tiga contoh akhlaq mazmumah di kalangan remaja sekarang dan berikan contoh perilaku yang menggambarkannya,iri hati sombong suka berbohong orang yang iri hati yaitu orang yang tidak ingin temannya itu berada di atas dia contohnya si a pintar namun si b lebih pintar nah karena si a orangnya sellau iri dia menjelek jelekan si b kepada teman temannya agar si b tidak memiliki teman orang yang suka berbohong orang slalu berkata yang tidak sesuai kenyataan,jawaban siswa,10
pendidikan agama islam,sebutkan tiga contoh akhlaq mazmumah di kalangan remaja sekarang dan berikan contoh perilaku yang menggambarkannya,sombong akhlaknya tidak dipakai irian dan suka berbohong,jawaban siswa,0
pendidikan agama islam,sebutkan tiga contoh akhlaq mazmumah di kalangan remaja sekarang dan berikan contoh perilaku yang menggambarkannya,iri sombong riya contoh aldi habis sedekah kepada masjid sebesar miliar setelah itu aldi pulang bertemu teman teman nya dia menceritakan dengan berniat riya karena dia habis menyumbangkan hartanya kepada masjid riya adalah sesuatu yang telah kita lakukan dan kita bicarakan kepada orang lain,jawaban siswa,10
pendidikan agama islam,sebutkan tiga contoh akhlaq mazmumah di kalangan remaja sekarang dan berikan contoh perilaku yang menggambarkannya,foya foya boros dalam segala hal hasad sombong terhadap kebaikan yang dilakukannya riya pamer terhadap segala hal yang ia punya dan yang dilakukan agar di puji orang lain,jawaban siswa,10
pendidikan agama islam,sebutkan tiga contoh akhlaq mazmumah di kalangan remaja sekarang dan berikan contoh perilaku yang menggambarkannya,riya pamer ketika habis beli barang bagus atau mahal diperlihatkan kepada teman temannya foya foya boros berlebihan dalam membelanjakan uang padahal bukan kebutuhannya hasad iri dengki iri dicampur rasa benci ketika orang lain mencapai kesuksesannya,jawaban siswa,10
pendidikan agama islam,sebutkan tiga contoh akhlaq mazmumah di kalangan remaja sekarang dan berikan contoh perilaku yang menggambarkannya,sombong iri hati berbohong,jawaban kunci,10
pendidikan agama islam,sebutkan tiga contoh akhlaq mazmumah di kalangan remaja sekarang dan berikan contoh perilaku yang menggambarkannya,membuang sampah sembarangan melawan orang tua menghina orang kesusahan,jawaban siswa,5
pendidikan agama islam,sebutkan tiga contoh akhlaq mazmumah di kalangan remaja sekarang dan berikan contoh perilaku yang menggambarkannya,tiga contoh akhlak mazmumah iri yang dimana ada orang si a mempunyai gelang emas baru dan si b ini tahu kalau si a mempunyai gelang emas baru dan si b ini iri degan si a yang mempunyai gelang emas baru sombong misal syaa punya teman yang bernama dila nah dila ini habis beli hp baru si dilla ini pas disekolahan memamerkan hp barunya di dpn teman temannya berbohong misal dikelas teman saya kehilangan pulpenya teman saya ini tanya tanya ke teman satu kelasnya apa ada yang tau pulpenku dan ada si b bilang saya tidak tau pulpenya dimana aka itulah disebut berbohong,jawaban siswa,10
pendidikan agama islam,sebutkan tiga contoh akhlaq mazmumah di kalangan remaja sekarang dan berikan contoh perilaku yang menggambarkannya,sombong terhadap sesama iri melihat temannya mendapatkan teman baru suka berbohong terhadap teman orang tua,jawaban siswa,10
pendidikan agama islam,sebutkan tiga contoh akhlaq mazmumah di kalangan remaja sekarang dan berikan contoh perilaku yang menggambarkannya,sombong iri hati dengki bohong,jawaban siswa,10
pendidikan agama islam,sebutkan tiga contoh akhlaq mazmumah di kalangan remaja sekarang dan berikan contoh perilaku yang menggambarkannya,pamer contohnya ada seseorang yang mempunyai emas yang sangat banyak dia ingin semua orang tau bahwa dia memiliki banyak emas lalu dia memposting di medsos bahwa dia orang yang mempunyai emas yang sangat banyak iri contohnya seseorang yang mendapatkan baju baru padahal itu baru tapi tetap saja kalau ada temannya memilki yang lebih bagus lagi dia ingin mempunyai bohong contohnya berbohong kepada teman guru orang tua,jawaban siswa,10
pendidikan agama islam,sebutkan tiga contoh akhlaq mazmumah di kalangan remaja sekarang dan berikan contoh perilaku yang menggambarkannya,iri terhadap kesuksesa orang lain jika kita membeli barang kita suka memamerkannya kita di beri kepercayaan tetapi tidak dilaksanakan,jawaban siswa,10
pendidikan agama islam,sebutkan tiga contoh akhlaq mazmumah di kalangan remaja sekarang dan berikan contoh perilaku yang menggambarkannya,sombong karna kepintaranya sombong dengan uang saku sombong degan apa yang ia punya,jawaban siswa,0
pendidikan agama islam,sebutkan tiga contoh perilaku fastabiqul khoirot di lingkungan sekolah,jika ada temanya yang tidak bisa maka kita berlomba lomba membantu teman kita tidak boleh kita berlomba lomba dalam keburukan kita harus berlomba lomba dalam mencapai nilai ujian,jawaban siswa,10
pendidikan agama islam,sebutkan tiga contoh perilaku fastabiqul khoirot di lingkungan sekolah,piket kelas mengerjjakan tugas memberi salam kepada guru,jawaban siswa,10
pendidikan agama islam,sebutkan tiga contoh perilaku fastabiqul khoirot di lingkungan sekolah,menjaga lingkungan sekolah seperti tertib dalam aturan sekolah baik dan sopan,jawaban siswa,10
pendidikan agama islam,sebutkan tiga contoh perilaku fastabiqul khoirot di lingkungan sekolah,berbagi ilmu kecuali saat ujian membantu teman saat piket sendiri menolong teman saat kesusahan,jawaban siswa,10
pendidikan agama islam,sebutkan tiga contoh perilaku fastabiqul khoirot di lingkungan sekolah,membantu teman yang kesusahan menolong teman yang terkena musibah jatuh kecelakaan dan lain lain dan membantu teman yang kesusahan dalam belajar,jawaban siswa,10
pendidikan agama islam,sebutkan tiga contoh perilaku fastabiqul khoirot di lingkungan sekolah,membersihkan lingkungan sekolah merebutkan perintah guru untuk membaca al quran mengerjakan tugas dengan cepat,jawaban siswa,10
pendidikan agama islam,sebutkan tiga contoh perilaku fastabiqul khoirot di lingkungan sekolah,ketika ujian saat kumandang adza melaksanakan sholat,jawaban siswa,0
pendidikan agama islam,sebutkan tiga contoh perilaku fastabiqul khoirot di lingkungan sekolah,saling membantu satu sama lain mengerjakan tugas mengajari teman yang kesulitan dalam mengerjakan dalam memahami pelajaran,jawaban siswa,10
pendidikan agama islam,sebutkan tiga contoh perilaku fastabiqul khoirot di lingkungan sekolah,saat selesai pelajaran ada teman kita yang belum paham kita yang paham harus menjelaskan tetapi jika waktu ulangan ujian kita tidak boleh memberi jawaban saat teman kita terjatuh kita harus menolong saat guru kita menjelaskan kita harus mendengarkan,jawaban siswa,10
pendidikan agama islam,sebutkan tiga contoh perilaku fastabiqul khoirot di lingkungan sekolah,belajar dengan sungguh sungguh tidak mencontek tidak datang telat dan mengikuti upacara,jawaban siswa,10
pendidikan agama islam,sebutkan tiga contoh perilaku fastabiqul khoirot di lingkungan sekolah,membantu teman menjaga kebersihan kelas disiplin waktu,jawaban kunci,10
pendidikan agama islam,sebutkan tiga contoh perilaku fastabiqul khoirot di lingkungan sekolah,jika teman kita lupa membawa pensil kita pinjami ketika pada saat sekolah sudah masuk jam nya sholat kita ajak teman kita sholat tanpa menguur waktu membantu guru jika kesusahan membawa suatu barang,jawaban siswa,10
pendidikan agama islam,sebutkan tiga contoh perilaku fastabiqul khoirot di lingkungan sekolah,mengerjakan tugas membantu teman jika kesulitan tidak mencontek jujur,jawaban siswa,10
pendidikan agama islam,sebutkan tiga contoh perilaku fastabiqul khoirot di lingkungan sekolah,membersihkan ruang kelas membantu teman yang sedang kesusahan menghormati guru,jawaban siswa,10
pendidikan agama islam,sebutkan tiga contoh perilaku fastabiqul khoirot di lingkungan sekolah,membantu teman yang jatuh menuntut ilmu rajin belajar membantu guru membawakan buku ke kelas,jawaban siswa,10
pendidikan agama islam,sebutkan tiga contoh perilaku fastabiqul khoirot di lingkungan sekolah,membersihkan kelas sebelum pelajaran di mulai menghormati dan menghargai guru tidak membuang sampah sembarangan,jawaban siswa,10
pendidikan agama islam,sebutkan tiga contoh perilaku fastabiqul khoirot di lingkungan sekolah,saat ujian sholat waktu adan berkumandang,jawaban siswa,0
pendidikan agama islam,sebutkan tiga contoh perilaku fastabiqul khoirot di lingkungan sekolah,membantu teman yang kesusahan membantu guru menghapus papan tulis membuang sampah di tempatnya,jawaban siswa,10
pendidikan agama islam,sebutkan tiga contoh perilaku fastabiqul khoirot di lingkungan sekolah,membuang sampah pada tempatnya membersihkan halaman sekolah mendengarkan guru saat guru menerangkan,jawaban siswa,10
pendidikan agama islam,sebutkan tiga contoh perilaku fastabiqul khoirot di lingkungan sekolah,jaga kebersihan berpakaian rapi dan jaga etika dan omongan ke guru maupun ke teman,jawaban siswa,10
